time (s), (volts), (volts), (volts)
5851.93,0.60,-0.09,0.13
5851.94,0.60,-0.16,0.08
5851.95,0.60,-0.21,0.05
5851.96,0.60,-0.25,0.01
5851.97,0.60,-0.25,-0.02
5851.98,0.60,-0.26,-0.05
5851.99,0.60,-0.27,-0.08
5852.00,0.60,-0.28,-0.11
5852.01,0.60,-0.28,-0.13
5852.02,0.60,-0.27,-0.15
5852.03,0.60,-0.26,-0.17
5852.04,0.60,-0.25,-0.20
5852.05,0.60,-0.24,-0.22
5852.06,0.60,-0.23,-0.23
5852.07,0.60,-0.21,-0.24
5852.08,0.60,-0.19,-0.24
5852.09,0.60,-0.17,-0.24
5852.10,0.60,-0.14,-0.23
5852.11,0.60,-0.10,-0.23
5852.12,0.60,-0.07,-0.22
5852.13,0.60,-0.04,-0.20
5852.14,0.60,0.01,-0.18
5852.15,0.60,0.06,-0.15
5852.16,0.60,0.11,-0.12
5852.17,0.60,0.15,-0.10
5852.18,0.60,0.20,-0.06
5852.19,0.60,0.24,-0.03
5852.20,0.60,0.27,0.00
5852.21,0.60,0.30,0.03
5852.22,0.60,0.32,0.06
5852.23,0.60,0.34,0.09
5852.24,0.60,0.35,0.13
5852.25,0.60,0.36,0.16
5852.26,0.60,0.35,0.19
5852.27,0.60,0.35,0.22
5852.28,0.60,0.32,0.25
5852.29,0.60,0.31,0.27
5852.30,0.60,0.30,0.29
5852.31,0.60,0.30,0.31
5852.32,0.60,0.29,0.33
5852.33,0.60,0.26,0.34
5852.34,0.60,0.25,0.34
5852.35,0.60,0.19,0.34
5852.36,0.60,0.15,0.33
5852.37,0.60,0.11,0.31
5852.38,0.60,0.07,0.29
5852.39,0.60,0.07,0.26
5852.40,0.60,0.02,0.23
5852.41,0.60,0.00,0.15
5852.42,0.60,-0.06,0.14
5852.43,0.60,-0.09,0.12
5852.44,0.60,-0.15,0.08
5852.45,0.60,-0.21,0.05
5852.46,0.60,-0.25,0.01
5852.47,0.60,-0.25,-0.02
5852.48,0.60,-0.26,-0.05
5852.49,0.60,-0.27,-0.08
5852.50,0.60,-0.28,-0.10
5852.51,0.60,-0.28,-0.13
5852.52,0.60,-0.27,-0.15
5852.53,0.60,-0.26,-0.18
5852.54,0.60,-0.25,-0.19
5852.55,0.60,-0.24,-0.21
5852.56,0.60,-0.23,-0.22
5852.57,0.60,-0.21,-0.23
5852.58,0.60,-0.19,-0.24
5852.59,0.60,-0.17,-0.24
5852.60,0.60,-0.14,-0.23
5852.61,0.60,-0.11,-0.23
5852.62,0.60,-0.07,-0.22
5852.63,0.60,-0.03,-0.20
5852.64,0.60,0.01,-0.18
5852.65,0.60,0.05,-0.15
5852.66,0.60,0.10,-0.12
5852.67,0.60,0.15,-0.10
5852.68,0.60,0.19,-0.07
5852.69,0.60,0.23,-0.03
5852.70,0.60,0.26,0.00
5852.71,0.60,0.29,0.03
5852.72,0.60,0.32,0.06
5852.73,0.60,0.33,0.09
5852.74,0.60,0.34,0.13
5852.75,0.60,0.35,0.16
5852.76,0.60,0.35,0.19
5852.77,0.60,0.35,0.22
5852.78,0.60,0.33,0.24
5852.79,0.60,0.33,0.27
5852.80,0.60,0.32,0.29
5852.81,0.60,0.30,0.31
5852.82,0.60,0.28,0.32
5852.83,0.60,0.26,0.33
5852.84,0.60,0.22,0.33
5852.85,0.60,0.18,0.33
5852.86,0.60,0.15,0.32
5852.87,0.60,0.11,0.30
5852.88,0.60,0.07,0.28
5852.89,0.60,0.07,0.25
5852.90,0.60,0.04,0.22
5852.91,0.60,-0.02,0.19
5852.92,0.60,-0.04,0.15
5852.93,0.60,-0.09,0.12
5852.94,0.60,-0.16,0.08
5852.95,0.60,-0.21,0.05
5852.96,0.60,-0.24,0.01
5852.97,0.60,-0.24,-0.02
5852.98,0.60,-0.25,-0.05
5852.99,0.60,-0.27,-0.08
5853.00,0.60,-0.27,-0.11
5853.01,0.60,-0.27,-0.13
5853.02,0.60,-0.27,-0.16
5853.03,0.60,-0.26,-0.18
5853.04,0.60,-0.25,-0.20
5853.05,0.60,-0.24,-0.21
5853.06,0.60,-0.23,-0.23
5853.07,0.60,-0.21,-0.24
5853.08,0.60,-0.19,-0.24
5853.09,0.60,-0.17,-0.24
5853.10,0.60,-0.14,-0.24
5853.11,0.60,-0.11,-0.22
5853.12,0.60,-0.08,-0.22
5853.13,0.60,-0.03,-0.20
5853.14,0.60,0.01,-0.18
5853.15,0.60,0.05,-0.15
5853.16,0.60,0.10,-0.12
5853.17,0.60,0.15,-0.10
5853.18,0.60,0.20,-0.07
5853.19,0.60,0.23,-0.03
5853.20,0.60,0.27,0.00
5853.21,0.60,0.30,0.03
5853.22,0.60,0.32,0.06
5853.23,0.60,0.34,0.10
5853.24,0.60,0.35,0.13
5853.25,0.60,0.36,0.16
5853.26,0.60,0.36,0.20
5853.27,0.60,0.36,0.22
5853.28,0.60,0.34,0.25
5853.29,0.60,0.31,0.27
5853.30,0.60,0.30,0.30
5853.31,0.60,0.28,0.31
5853.32,0.60,0.27,0.32
5853.33,0.60,0.24,0.34
5853.34,0.60,0.21,0.34
5853.35,0.60,0.18,0.34
5853.36,0.60,0.15,0.33
5853.37,0.60,0.11,0.31
5853.38,0.60,0.08,0.28
5853.39,0.60,0.07,0.26
5853.40,0.60,0.04,0.22
5853.41,0.60,0.00,0.16
5853.42,0.60,-0.04,0.16
5853.43,0.60,-0.09,0.12
5853.44,0.60,-0.17,0.08
5853.45,0.60,-0.21,0.04
5853.46,0.60,-0.24,0.01
5853.47,0.60,-0.24,-0.03
5853.48,0.60,-0.26,-0.06
5853.49,0.60,-0.27,-0.08
5853.50,0.60,-0.28,-0.11
5853.51,0.60,-0.28,-0.14
5853.52,0.60,-0.28,-0.16
5853.53,0.60,-0.27,-0.18
5853.54,0.60,-0.26,-0.20
5853.55,0.60,-0.24,-0.22
5853.56,0.60,-0.23,-0.23
5853.57,0.60,-0.21,-0.24
5853.58,0.60,-0.19,-0.25
5853.59,0.60,-0.17,-0.25
5853.60,0.60,-0.14,-0.24
5853.61,0.60,-0.10,-0.22
5853.62,0.60,-0.08,-0.21
5853.63,0.60,-0.04,-0.20
5853.64,0.60,0.01,-0.17
5853.65,0.60,0.05,-0.15
5853.66,0.60,0.10,-0.12
5853.67,0.60,0.15,-0.09
5853.68,0.60,0.19,-0.06
5853.69,0.60,0.24,-0.02
5853.70,0.60,0.27,0.01
5853.71,0.60,0.30,0.04
5853.72,0.60,0.33,0.07
5853.73,0.60,0.34,0.10
5853.74,0.60,0.35,0.13
5853.75,0.60,0.36,0.16
5853.76,0.60,0.36,0.19
5853.77,0.60,0.36,0.23
5853.78,0.60,0.34,0.25
5853.79,0.60,0.32,0.27
5853.80,0.60,0.30,0.29
5853.81,0.60,0.28,0.31
5853.82,0.60,0.29,0.32
5853.83,0.60,0.27,0.33
5853.84,0.60,0.20,0.34
5853.85,0.60,0.18,0.33
5853.86,0.60,0.15,0.32
5853.87,0.60,0.12,0.31
5853.88,0.60,0.09,0.28
5853.89,0.60,0.06,0.26
5853.90,0.60,0.03,0.23
5853.91,0.60,-0.01,0.14
5853.92,0.60,-0.05,0.16
5853.93,0.60,-0.09,0.12
5853.94,0.60,-0.16,0.08
5853.95,0.60,-0.21,0.04
5853.96,0.60,-0.25,0.01
5853.97,0.60,-0.25,-0.03
5853.98,0.60,-0.26,-0.06
5853.99,0.60,-0.28,-0.09
5854.00,0.60,-0.28,-0.11
5854.01,0.60,-0.28,-0.14
5854.02,0.60,-0.28,-0.16
5854.03,0.60,-0.27,-0.18
5854.04,0.60,-0.26,-0.20
5854.05,0.60,-0.25,-0.22
5854.06,0.60,-0.23,-0.23
5854.07,0.60,-0.21,-0.24
5854.08,0.60,-0.19,-0.25
5854.09,0.60,-0.17,-0.24
5854.10,0.60,-0.14,-0.24
5854.11,0.60,-0.11,-0.23
5854.12,0.60,-0.07,-0.21
5854.13,0.60,-0.03,-0.19
5854.14,0.60,0.01,-0.17
5854.15,0.60,0.06,-0.14
5854.16,0.60,0.11,-0.11
5854.17,0.60,0.15,-0.08
5854.18,0.60,0.20,-0.05
5854.19,0.60,0.24,-0.02
5854.20,0.60,0.28,0.01
5854.21,0.60,0.30,0.05
5854.22,0.60,0.33,0.08
5854.23,0.60,0.35,0.11
5854.24,0.60,0.36,0.14
5854.25,0.60,0.37,0.17
5854.26,0.60,0.36,0.20
5854.27,0.60,0.36,0.23
5854.28,0.60,0.34,0.25
5854.29,0.60,0.31,0.27
5854.30,0.60,0.30,0.29
5854.31,0.60,0.28,0.31
5854.32,0.60,0.27,0.32
5854.33,0.60,0.26,0.33
5854.34,0.60,0.21,0.33
5854.35,0.60,0.18,0.33
5854.36,0.60,0.15,0.32
5854.37,0.60,0.11,0.30
5854.38,0.60,0.09,0.28
5854.39,0.60,0.07,0.25
5854.40,0.60,0.02,0.22
5854.41,0.60,-0.02,0.15
5854.42,0.60,-0.05,0.14
5854.43,0.60,-0.09,0.11
5854.44,0.60,-0.16,0.07
5854.45,0.60,-0.22,0.03
5854.46,0.60,-0.25,0.00
5854.47,0.60,-0.25,-0.03
5854.48,0.60,-0.27,-0.07
5854.49,0.60,-0.28,-0.09
5854.50,0.60,-0.29,-0.12
5854.51,0.60,-0.29,-0.15
5854.52,0.60,-0.28,-0.17
5854.53,0.60,-0.27,-0.19
5854.54,0.60,-0.26,-0.20
5854.55,0.60,-0.25,-0.22
5854.56,0.60,-0.23,-0.23
5854.57,0.60,-0.21,-0.24
5854.58,0.60,-0.20,-0.24
5854.59,0.60,-0.17,-0.24
5854.60,0.60,-0.14,-0.24
5854.61,0.60,-0.11,-0.22
5854.62,0.60,-0.08,-0.20
5854.63,0.60,-0.03,-0.19
5854.64,0.60,0.01,-0.17
5854.65,0.60,0.05,-0.14
5854.66,0.60,0.10,-0.11
5854.67,0.60,0.15,-0.08
5854.68,0.60,0.20,-0.05
5854.69,0.60,0.24,-0.02
5854.70,0.60,0.28,0.01
5854.71,0.60,0.31,0.04
5854.72,0.60,0.33,0.08
5854.73,0.60,0.35,0.11
5854.74,0.60,0.36,0.14
5854.75,0.60,0.37,0.17
5854.76,0.60,0.37,0.20
5854.77,0.60,0.37,0.23
5854.78,0.60,0.34,0.25
5854.79,0.60,0.32,0.28
5854.80,0.60,0.30,0.30
5854.81,0.60,0.29,0.31
5854.82,0.60,0.26,0.33
5854.83,0.60,0.24,0.34
5854.84,0.60,0.21,0.34
5854.85,0.60,0.18,0.33
5854.86,0.60,0.15,0.32
5854.87,0.60,0.11,0.30
5854.88,0.60,0.08,0.28
5854.89,0.60,0.05,0.25
5854.90,0.60,0.03,0.21
5854.91,0.60,0.00,0.13
5854.92,0.60,-0.05,0.11
5854.93,0.60,-0.09,0.10
5854.94,0.60,-0.16,0.07
5854.95,0.60,-0.22,0.03
5854.96,0.60,-0.25,0.00
5854.97,0.60,-0.25,-0.04
5854.98,0.60,-0.26,-0.07
5854.99,0.60,-0.28,-0.10
5855.00,0.60,-0.28,-0.12
5855.01,0.60,-0.28,-0.15
5855.02,0.60,-0.28,-0.17
5855.03,0.60,-0.27,-0.19
5855.04,0.60,-0.26,-0.21
5855.05,0.60,-0.24,-0.23
5855.06,0.60,-0.23,-0.24
5855.07,0.60,-0.21,-0.24
5855.08,0.60,-0.19,-0.25
5855.09,0.60,-0.17,-0.25
5855.10,0.60,-0.14,-0.23
5855.11,0.60,-0.11,-0.23
5855.12,0.60,-0.07,-0.21
5855.13,0.60,-0.03,-0.19
5855.14,0.60,0.01,-0.17
5855.15,0.60,0.05,-0.14
5855.16,0.60,0.10,-0.11
5855.17,0.60,0.15,-0.08
5855.18,0.60,0.20,-0.05
5855.19,0.60,0.24,-0.02
5855.20,0.60,0.27,0.01
5855.21,0.60,0.30,0.04
5855.22,0.60,0.33,0.08
5855.23,0.60,0.35,0.11
5855.24,0.60,0.36,0.14
5855.25,0.60,0.36,0.17
5855.26,0.60,0.36,0.20
5855.27,0.60,0.36,0.23
5855.28,0.60,0.33,0.25
5855.29,0.60,0.31,0.27
5855.30,0.60,0.30,0.30
5855.31,0.60,0.28,0.31
5855.32,0.60,0.26,0.33
5855.33,0.60,0.24,0.34
5855.34,0.60,0.21,0.34
5855.35,0.60,0.18,0.33
5855.36,0.60,0.15,0.32
5855.37,0.60,0.11,0.30
5855.38,0.60,0.07,0.28
5855.39,0.60,0.04,0.25
5855.40,0.60,0.01,0.19
5855.41,0.60,-0.01,0.13
5855.42,0.60,-0.07,0.12
5855.43,0.60,-0.09,0.11
5855.44,0.60,-0.16,0.07
5855.45,0.60,-0.21,0.03
5855.46,0.60,-0.25,0.00
5855.47,0.60,-0.24,-0.04
5855.48,0.60,-0.26,-0.07
5855.49,0.60,-0.27,-0.10
5855.50,0.60,-0.28,-0.12
5855.51,0.60,-0.27,-0.15
5855.52,0.60,-0.27,-0.17
5855.53,0.60,-0.26,-0.19
5855.54,0.60,-0.25,-0.21
5855.55,0.60,-0.24,-0.22
5855.56,0.60,-0.22,-0.23
5855.57,0.60,-0.20,-0.24
5855.58,0.60,-0.18,-0.24
5855.59,0.60,-0.16,-0.25
5855.60,0.60,-0.13,-0.24
5855.61,0.60,-0.10,-0.23
5855.62,0.60,-0.07,-0.22
5855.63,0.60,-0.03,-0.19
5855.64,0.60,0.01,-0.17
5855.65,0.60,0.06,-0.15
5855.66,0.60,0.10,-0.12
5855.67,0.60,0.15,-0.09
5855.68,0.60,0.19,-0.06
5855.69,0.60,0.23,-0.02
5855.70,0.60,0.27,0.01
5855.71,0.60,0.30,0.04
5855.72,0.60,0.32,0.07
5855.73,0.60,0.34,0.10
5855.74,0.60,0.35,0.13
5855.75,0.60,0.35,0.17
5855.76,0.60,0.35,0.20
5855.77,0.60,0.35,0.22
5855.78,0.60,0.32,0.25
5855.79,0.60,0.30,0.27
5855.80,0.60,0.29,0.29
5855.81,0.60,0.27,0.31
5855.82,0.60,0.26,0.32
5855.83,0.60,0.23,0.33
5855.84,0.60,0.20,0.33
5855.85,0.60,0.17,0.33
5855.86,0.60,0.14,0.32
5855.87,0.60,0.11,0.30
5855.88,0.60,0.08,0.28
5855.89,0.60,0.06,0.25
5855.90,0.60,0.02,0.18
5855.91,0.60,-0.04,0.13
5855.92,0.60,-0.05,0.15
5855.93,0.60,-0.09,0.11
5855.94,0.60,-0.15,0.07
5855.95,0.60,-0.21,0.03
5855.96,0.60,-0.25,0.00
5855.97,0.60,-0.25,-0.03
5855.98,0.60,-0.26,-0.07
5855.99,0.60,-0.27,-0.09
5856.00,0.60,-0.28,-0.12
5856.01,0.60,-0.28,-0.14
5856.02,0.60,-0.27,-0.16
5856.03,0.60,-0.26,-0.18
5856.04,0.60,-0.25,-0.20
5856.05,0.60,-0.24,-0.22
5856.06,0.60,-0.23,-0.23
5856.07,0.60,-0.21,-0.24
5856.08,0.60,-0.19,-0.24
5856.09,0.60,-0.17,-0.24
5856.10,0.60,-0.14,-0.23
5856.11,0.60,-0.11,-0.23
5856.12,0.60,-0.07,-0.21
5856.13,0.60,-0.03,-0.19
5856.14,0.60,0.01,-0.18
5856.15,0.60,0.05,-0.15
5856.16,0.60,0.10,-0.12
5856.17,0.60,0.15,-0.09
5856.18,0.60,0.19,-0.06
5856.19,0.60,0.24,-0.03
5856.20,0.60,0.27,0.00
5856.21,0.60,0.30,0.04
5856.22,0.60,0.32,0.07
5856.23,0.60,0.34,0.10
5856.24,0.60,0.35,0.13
5856.25,0.60,0.36,0.16
5856.26,0.60,0.36,0.20
5856.27,0.60,0.35,0.22
5856.28,0.60,0.32,0.25
5856.29,0.60,0.31,0.27
5856.30,0.60,0.29,0.29
5856.31,0.60,0.27,0.31
5856.32,0.60,0.25,0.33
5856.33,0.60,0.23,0.33
5856.34,0.60,0.20,0.34
5856.35,0.60,0.17,0.33
5856.36,0.60,0.14,0.32
5856.37,0.60,0.11,0.30
5856.38,0.60,0.07,0.27
5856.39,0.60,0.03,0.25
5856.40,0.60,0.02,0.17
5856.41,0.60,-0.01,0.14
5856.42,0.60,-0.06,0.14
5856.43,0.60,-0.10,0.10
5856.44,0.60,-0.17,0.07
5856.45,0.60,-0.22,0.03
5856.46,0.60,-0.25,0.00
5856.47,0.60,-0.24,-0.03
5856.48,0.60,-0.26,-0.06
5856.49,0.60,-0.28,-0.09
5856.50,0.60,-0.28,-0.12
5856.51,0.60,-0.28,-0.14
5856.52,0.60,-0.28,-0.16
5856.53,0.60,-0.27,-0.18
5856.54,0.60,-0.26,-0.20
5856.55,0.60,-0.25,-0.22
5856.56,0.60,-0.23,-0.23
5856.57,0.60,-0.21,-0.24
5856.58,0.60,-0.19,-0.24
5856.59,0.60,-0.17,-0.24
5856.60,0.60,-0.14,-0.24
5856.61,0.60,-0.11,-0.22
5856.62,0.60,-0.08,-0.21
5856.63,0.60,-0.03,-0.20
5856.64,0.60,0.01,-0.17
5856.65,0.60,0.05,-0.15
5856.66,0.60,0.10,-0.12
5856.67,0.60,0.15,-0.09
5856.68,0.60,0.20,-0.06
5856.69,0.60,0.24,-0.03
5856.70,0.60,0.27,0.01
5856.71,0.60,0.30,0.04
5856.72,0.60,0.32,0.07
5856.73,0.60,0.34,0.10
5856.74,0.60,0.35,0.14
5856.75,0.60,0.36,0.17
5856.76,0.60,0.36,0.20
5856.77,0.60,0.35,0.23
5856.78,0.60,0.32,0.25
5856.79,0.60,0.30,0.28
5856.80,0.60,0.29,0.29
5856.81,0.60,0.27,0.31
5856.82,0.60,0.25,0.33
5856.83,0.60,0.23,0.33
5856.84,0.60,0.20,0.33
5856.85,0.60,0.17,0.33
5856.86,0.60,0.14,0.32
5856.87,0.60,0.10,0.30
5856.88,0.60,0.07,0.27
5856.89,0.60,0.03,0.24
5856.90,0.60,0.01,0.17
5856.91,0.60,-0.01,0.14
5856.92,0.60,-0.05,0.14
5856.93,0.60,-0.13,0.10
5856.94,0.60,-0.18,0.07
5856.95,0.60,-0.22,0.03
5856.96,0.60,-0.25,-0.01
5856.97,0.60,-0.25,-0.04
5856.98,0.60,-0.27,-0.07
5856.99,0.60,-0.28,-0.10
5857.00,0.60,-0.28,-0.12
5857.01,0.60,-0.28,-0.15
5857.02,0.60,-0.28,-0.17
5857.03,0.60,-0.27,-0.19
5857.04,0.60,-0.26,-0.20
5857.05,0.60,-0.24,-0.22
5857.06,0.60,-0.23,-0.23
5857.07,0.60,-0.21,-0.24
5857.08,0.60,-0.19,-0.24
5857.09,0.60,-0.16,-0.24
5857.10,0.60,-0.14,-0.24
5857.11,0.60,-0.11,-0.23
5857.12,0.60,-0.07,-0.21
5857.13,0.60,-0.03,-0.19
5857.14,0.60,0.02,-0.17
5857.15,0.60,0.06,-0.15
5857.16,0.60,0.11,-0.12
5857.17,0.60,0.15,-0.09
5857.18,0.60,0.20,-0.06
5857.19,0.60,0.24,-0.03
5857.20,0.60,0.27,0.00
5857.21,0.60,0.30,0.04
5857.22,0.60,0.33,0.07
5857.23,0.60,0.34,0.10
5857.24,0.60,0.35,0.13
5857.25,0.60,0.36,0.16
5857.26,0.60,0.36,0.19
5857.27,0.60,0.35,0.22
5857.28,0.60,0.34,0.25
5857.29,0.60,0.30,0.27
5857.30,0.60,0.29,0.29
5857.31,0.60,0.27,0.31
5857.32,0.60,0.25,0.32
5857.33,0.60,0.22,0.33
5857.34,0.60,0.20,0.33
5857.35,0.60,0.17,0.33
5857.36,0.60,0.13,0.32
5857.37,0.60,0.10,0.30
5857.38,0.60,0.06,0.27
5857.39,0.60,0.02,0.25
5857.40,0.60,0.02,0.19
5857.41,0.60,-0.02,0.15
5857.42,0.60,-0.07,0.14
5857.43,0.60,-0.12,0.10
5857.44,0.60,-0.19,0.06
5857.45,0.60,-0.22,0.03
5857.46,0.60,-0.25,-0.01
5857.47,0.60,-0.25,-0.04
5857.48,0.60,-0.27,-0.07
5857.49,0.60,-0.28,-0.10
5857.50,0.60,-0.28,-0.12
5857.51,0.60,-0.28,-0.15
5857.52,0.60,-0.28,-0.17
5857.53,0.60,-0.27,-0.19
5857.54,0.60,-0.26,-0.21
5857.55,0.60,-0.24,-0.23
5857.56,0.60,-0.23,-0.24
5857.57,0.60,-0.21,-0.25
5857.58,0.60,-0.19,-0.25
5857.59,0.60,-0.16,-0.25
5857.60,0.60,-0.13,-0.24
5857.61,0.60,-0.10,-0.23
5857.62,0.60,-0.06,-0.22
5857.63,0.60,-0.02,-0.20
5857.64,0.60,0.02,-0.17
5857.65,0.60,0.07,-0.15
5857.66,0.60,0.11,-0.12
5857.67,0.60,0.16,-0.09
5857.68,0.60,0.21,-0.06
5857.69,0.60,0.25,-0.03
5857.70,0.60,0.28,0.00
5857.71,0.60,0.31,0.03
5857.72,0.60,0.33,0.07
5857.73,0.60,0.35,0.10
5857.74,0.60,0.36,0.13
5857.75,0.60,0.36,0.16
5857.76,0.60,0.36,0.20
5857.77,0.60,0.36,0.22
5857.78,0.60,0.33,0.25
5857.79,0.60,0.31,0.27
5857.80,0.60,0.29,0.29
5857.81,0.60,0.27,0.31
5857.82,0.60,0.25,0.33
5857.83,0.60,0.22,0.33
5857.84,0.60,0.20,0.33
5857.85,0.60,0.16,0.33
5857.86,0.60,0.13,0.32
5857.87,0.60,0.10,0.30
5857.88,0.60,0.08,0.28
5857.89,0.60,0.03,0.25
5857.90,0.60,0.01,0.21
5857.91,0.60,-0.03,0.14
5857.92,0.60,-0.06,0.15
5857.93,0.60,-0.13,0.11
5857.94,0.60,-0.19,0.07
5857.95,0.60,-0.22,0.03
5857.96,0.60,-0.25,0.00
5857.97,0.60,-0.25,-0.04
5857.98,0.60,-0.27,-0.07
5857.99,0.60,-0.28,-0.10
5858.00,0.60,-0.29,-0.12
5858.01,0.60,-0.28,-0.15
5858.02,0.60,-0.28,-0.17
5858.03,0.60,-0.27,-0.19
5858.04,0.60,-0.26,-0.21
5858.05,0.60,-0.24,-0.23
5858.06,0.60,-0.23,-0.24
5858.07,0.60,-0.21,-0.24
5858.08,0.60,-0.18,-0.25
5858.09,0.60,-0.16,-0.25
5858.10,0.60,-0.13,-0.24
5858.11,0.60,-0.10,-0.23
5858.12,0.60,-0.06,-0.22
5858.13,0.60,-0.03,-0.20
5858.14,0.60,0.02,-0.18
5858.15,0.60,0.06,-0.15
5858.16,0.60,0.11,-0.12
5858.17,0.60,0.16,-0.09
5858.18,0.60,0.20,-0.06
5858.19,0.60,0.24,-0.03
5858.20,0.60,0.28,0.00
5858.21,0.60,0.31,0.03
5858.22,0.60,0.33,0.07
5858.23,0.60,0.35,0.10
5858.24,0.60,0.36,0.13
5858.25,0.60,0.37,0.16
5858.26,0.60,0.37,0.19
5858.27,0.60,0.36,0.22
5858.28,0.60,0.33,0.24
5858.29,0.60,0.31,0.27
5858.30,0.60,0.29,0.29
5858.31,0.60,0.27,0.31
5858.32,0.60,0.25,0.32
5858.33,0.60,0.22,0.33
5858.34,0.60,0.20,0.33
5858.35,0.60,0.17,0.33
5858.36,0.60,0.13,0.31
5858.37,0.60,0.10,0.30
5858.38,0.60,0.06,0.27
5858.39,0.60,0.02,0.25
5858.40,0.60,-0.01,0.20
5858.41,0.60,-0.03,0.16
5858.42,0.60,-0.06,0.14
5858.43,0.60,-0.12,0.10
5858.44,0.60,-0.19,0.07
5858.45,0.60,-0.22,0.03
5858.46,0.60,-0.25,0.00
5858.47,0.60,-0.25,-0.04
5858.48,0.60,-0.27,-0.07
5858.49,0.60,-0.28,-0.09
5858.50,0.60,-0.29,-0.12
5858.51,0.60,-0.29,-0.14
5858.52,0.60,-0.28,-0.17
5858.53,0.60,-0.27,-0.19
5858.54,0.60,-0.26,-0.20
5858.55,0.60,-0.25,-0.22
5858.56,0.60,-0.23,-0.23
5858.57,0.60,-0.21,-0.24
5858.58,0.60,-0.19,-0.24
5858.59,0.60,-0.16,-0.24
5858.60,0.60,-0.13,-0.23
5858.61,0.60,-0.10,-0.23
5858.62,0.60,-0.06,-0.21
5858.63,0.60,-0.02,-0.20
5858.64,0.60,0.02,-0.17
5858.65,0.60,0.07,-0.15
5858.66,0.60,0.12,-0.12
5858.67,0.60,0.16,-0.09
5858.68,0.60,0.21,-0.06
5858.69,0.60,0.25,-0.02
5858.70,0.60,0.28,0.01
5858.71,0.60,0.31,0.04
5858.72,0.60,0.34,0.07
5858.73,0.60,0.35,0.10
5858.74,0.60,0.36,0.13
5858.75,0.60,0.37,0.17
5858.76,0.60,0.37,0.19
5858.77,0.60,0.36,0.22
5858.78,0.60,0.33,0.24
5858.79,0.60,0.31,0.27
5858.80,0.60,0.29,0.28
5858.81,0.60,0.28,0.30
5858.82,0.60,0.25,0.32
5858.83,0.60,0.23,0.32
5858.84,0.60,0.20,0.32
5858.85,0.60,0.17,0.32
5858.86,0.60,0.13,0.31
5858.87,0.60,0.10,0.29
5858.88,0.60,0.07,0.27
5858.89,0.60,0.02,0.24
5858.90,0.60,0.00,0.21
5858.91,0.60,-0.02,0.17
5858.92,0.60,-0.06,0.14
5858.93,0.60,-0.14,0.10
5858.94,0.60,-0.18,0.06
5858.95,0.60,-0.22,0.03
5858.96,0.60,-0.25,-0.01
5858.97,0.60,-0.25,-0.04
5858.98,0.60,-0.27,-0.07
5858.99,0.60,-0.28,-0.10
5859.00,0.60,-0.29,-0.12
5859.01,0.60,-0.28,-0.15
5859.02,0.60,-0.28,-0.17
5859.03,0.60,-0.27,-0.19
5859.04,0.60,-0.26,-0.21
5859.05,0.60,-0.24,-0.23
5859.06,0.60,-0.23,-0.24
5859.07,0.60,-0.20,-0.24
5859.08,0.60,-0.18,-0.25
5859.09,0.60,-0.16,-0.25
5859.10,0.60,-0.13,-0.24
5859.11,0.60,-0.09,-0.23
5859.12,0.60,-0.06,-0.22
5859.13,0.60,-0.02,-0.19
5859.14,0.60,0.03,-0.17
5859.15,0.60,0.07,-0.15
5859.16,0.60,0.12,-0.12
5859.17,0.60,0.16,-0.09
5859.18,0.60,0.21,-0.06
5859.19,0.60,0.25,-0.02
5859.20,0.60,0.28,0.01
5859.21,0.60,0.31,0.04
5859.22,0.60,0.33,0.08
5859.23,0.60,0.35,0.11
5859.24,0.60,0.36,0.14
5859.25,0.60,0.37,0.17
5859.26,0.60,0.37,0.20
5859.27,0.60,0.36,0.23
5859.28,0.60,0.34,0.25
5859.29,0.60,0.31,0.27
5859.30,0.60,0.30,0.30
5859.31,0.60,0.28,0.31
5859.32,0.60,0.25,0.32
5859.33,0.60,0.23,0.33
5859.34,0.60,0.20,0.33
5859.35,0.60,0.17,0.32
5859.36,0.60,0.14,0.31
5859.37,0.60,0.11,0.29
5859.38,0.60,0.07,0.27
5859.39,0.60,0.04,0.24
5859.40,0.60,0.02,0.21
5859.41,0.60,-0.01,0.18
5859.42,0.60,-0.06,0.14
5859.43,0.60,-0.11,0.10
5859.44,0.60,-0.17,0.07
5859.45,0.60,-0.21,0.03
5859.46,0.60,-0.25,-0.01
5859.47,0.60,-0.25,-0.04
5859.48,0.60,-0.26,-0.07
5859.49,0.60,-0.27,-0.10
5859.50,0.60,-0.28,-0.12
5859.51,0.60,-0.28,-0.15
5859.52,0.60,-0.27,-0.17
5859.53,0.60,-0.26,-0.19
5859.54,0.60,-0.25,-0.21
5859.55,0.60,-0.24,-0.23
5859.56,0.60,-0.22,-0.24
5859.57,0.60,-0.20,-0.24
5859.58,0.60,-0.18,-0.25
5859.59,0.60,-0.15,-0.25
5859.60,0.60,-0.13,-0.24
5859.61,0.60,-0.09,-0.23
5859.62,0.60,-0.06,-0.22
5859.63,0.60,-0.02,-0.19
5859.64,0.60,0.02,-0.17
5859.65,0.60,0.06,-0.14
5859.66,0.60,0.11,-0.12
5859.67,0.60,0.15,-0.08
5859.68,0.60,0.20,-0.05
5859.69,0.60,0.24,-0.02
5859.70,0.60,0.27,0.01
5859.71,0.60,0.30,0.05
5859.72,0.60,0.33,0.08
5859.73,0.60,0.34,0.11
5859.74,0.60,0.35,0.14
5859.75,0.60,0.36,0.17
5859.76,0.60,0.36,0.20
5859.77,0.60,0.36,0.23
5859.78,0.60,0.32,0.25
5859.79,0.60,0.31,0.27
5859.80,0.60,0.29,0.29
5859.81,0.60,0.27,0.31
5859.82,0.60,0.25,0.33
5859.83,0.60,0.23,0.33
5859.84,0.60,0.20,0.33
5859.85,0.60,0.17,0.32
5859.86,0.60,0.14,0.31
5859.87,0.60,0.11,0.29
5859.88,0.60,0.08,0.27
5859.89,0.60,0.03,0.24
5859.90,0.60,0.02,0.21
5859.91,0.60,0.00,0.18
5859.92,0.60,-0.07,0.14
5859.93,0.60,-0.11,0.11
5859.94,0.60,-0.17,0.07
5859.95,0.60,-0.21,0.03
5859.96,0.60,-0.24,-0.01
5859.97,0.60,-0.24,-0.04
5859.98,0.60,-0.26,-0.07
5859.99,0.60,-0.27,-0.10
5860.00,0.60,-0.28,-0.12
5860.01,0.60,-0.28,-0.15
5860.02,0.60,-0.28,-0.17
5860.03,0.60,-0.26,-0.19
5860.04,0.60,-0.25,-0.21
5860.05,0.60,-0.24,-0.23
5860.06,0.60,-0.22,-0.24
5860.07,0.60,-0.20,-0.24
5860.08,0.60,-0.18,-0.25
5860.09,0.60,-0.16,-0.25
5860.10,0.60,-0.13,-0.24
5860.11,0.60,-0.10,-0.23
5860.12,0.60,-0.06,-0.21
5860.13,0.60,-0.02,-0.19
5860.14,0.60,0.02,-0.17
5860.15,0.60,0.06,-0.14
5860.16,0.60,0.11,-0.11
5860.17,0.60,0.16,-0.09
5860.18,0.60,0.20,-0.06
5860.19,0.60,0.24,-0.02
5860.20,0.60,0.28,0.01
5860.21,0.60,0.31,0.04
5860.22,0.60,0.33,0.08
5860.23,0.60,0.35,0.11
5860.24,0.60,0.36,0.14
5860.25,0.60,0.36,0.17
5860.26,0.60,0.37,0.20
5860.27,0.60,0.36,0.23
5860.28,0.60,0.34,0.25
5860.29,0.60,0.31,0.28
5860.30,0.60,0.30,0.29
5860.31,0.60,0.27,0.31
5860.32,0.60,0.26,0.32
5860.33,0.60,0.23,0.33
5860.34,0.60,0.20,0.33
5860.35,0.60,0.17,0.33
5860.36,0.60,0.14,0.31
5860.37,0.60,0.11,0.30
5860.38,0.60,0.07,0.28
5860.39,0.60,0.05,0.25
5860.40,0.60,0.02,0.22
5860.41,0.60,-0.03,0.19
5860.42,0.60,-0.05,0.15
5860.43,0.60,-0.10,0.11
5860.44,0.60,-0.17,0.07
5860.45,0.60,-0.21,0.04
5860.46,0.60,-0.24,0.00
5860.47,0.60,-0.24,-0.04
5860.48,0.60,-0.26,-0.07
5860.49,0.60,-0.28,-0.09
5860.50,0.60,-0.28,-0.12
5860.51,0.60,-0.28,-0.14
5860.52,0.60,-0.28,-0.17
5860.53,0.60,-0.27,-0.19
5860.54,0.60,-0.25,-0.20
5860.55,0.60,-0.24,-0.23
5860.56,0.60,-0.22,-0.23
5860.57,0.60,-0.21,-0.24
5860.58,0.60,-0.19,-0.25
5860.59,0.60,-0.16,-0.25
5860.60,0.60,-0.13,-0.24
5860.61,0.60,-0.10,-0.23
5860.62,0.60,-0.07,-0.22
5860.63,0.60,-0.03,-0.20
5860.64,0.60,0.01,-0.18
5860.65,0.60,0.06,-0.15
5860.66,0.60,0.10,-0.12
5860.67,0.60,0.15,-0.09
5860.68,0.60,0.19,-0.07
5860.69,0.60,0.24,-0.03
5860.70,0.60,0.27,0.00
5860.71,0.60,0.30,0.04
5860.72,0.60,0.33,0.07
5860.73,0.60,0.35,0.10
5860.74,0.60,0.36,0.14
5860.75,0.60,0.36,0.17
5860.76,0.60,0.36,0.20
5860.77,0.60,0.36,0.23
5860.78,0.60,0.33,0.26
5860.79,0.60,0.31,0.28
5860.80,0.60,0.30,0.30
5860.81,0.60,0.28,0.31
5860.82,0.60,0.26,0.33
5860.83,0.60,0.23,0.33
5860.84,0.60,0.21,0.34
5860.85,0.60,0.18,0.33
5860.86,0.60,0.15,0.32
5860.87,0.60,0.11,0.30
5860.88,0.60,0.08,0.28
5860.89,0.60,0.05,0.25
5860.90,0.60,0.02,0.22
5860.91,0.60,-0.03,0.19
5860.92,0.60,-0.04,0.15
5860.93,0.60,-0.09,0.11
5860.94,0.60,-0.15,0.07
5860.95,0.60,-0.21,0.04
5860.96,0.60,-0.24,0.00
5860.97,0.60,-0.24,-0.03
5860.98,0.60,-0.26,-0.06
5860.99,0.60,-0.27,-0.09
5861.00,0.60,-0.28,-0.12
5861.01,0.60,-0.28,-0.14
5861.02,0.60,-0.28,-0.16
5861.03,0.60,-0.27,-0.19
5861.04,0.60,-0.26,-0.20
5861.05,0.60,-0.24,-0.22
5861.06,0.60,-0.23,-0.23
5861.07,0.60,-0.21,-0.24
5861.08,0.60,-0.19,-0.25
5861.09,0.60,-0.16,-0.25
5861.10,0.60,-0.14,-0.24
5861.11,0.60,-0.11,-0.23
5861.12,0.60,-0.07,-0.22
5861.13,0.60,-0.03,-0.20
5861.14,0.60,0.01,-0.18
5861.15,0.60,0.05,-0.15
5861.16,0.60,0.10,-0.12
5861.17,0.60,0.14,-0.09
5861.18,0.60,0.19,-0.06
5861.19,0.60,0.23,-0.03
5861.20,0.60,0.27,0.00
5861.21,0.60,0.30,0.03
5861.22,0.60,0.32,0.07
5861.23,0.60,0.34,0.10
5861.24,0.60,0.35,0.13
5861.25,0.60,0.36,0.16
5861.26,0.60,0.36,0.20
5861.27,0.60,0.36,0.22
5861.28,0.60,0.34,0.25
5861.29,0.60,0.31,0.27
5861.30,0.60,0.29,0.29
5861.31,0.60,0.27,0.30
5861.32,0.60,0.25,0.32
5861.33,0.60,0.23,0.32
5861.34,0.60,0.20,0.33
5861.35,0.60,0.17,0.32
5861.36,0.60,0.14,0.31
5861.37,0.60,0.11,0.30
5861.38,0.60,0.07,0.27
5861.39,0.60,0.04,0.25
5861.40,0.60,0.03,0.22
5861.41,0.60,-0.03,0.18
5861.42,0.60,-0.06,0.14
5861.43,0.60,-0.11,0.11
5861.44,0.60,-0.17,0.07
5861.45,0.60,-0.21,0.03
5861.46,0.60,-0.24,0.00
5861.47,0.60,-0.24,-0.03
5861.48,0.60,-0.26,-0.07
5861.49,0.60,-0.28,-0.09
5861.50,0.60,-0.28,-0.12
5861.51,0.60,-0.28,-0.14
5861.52,0.60,-0.28,-0.16
5861.53,0.60,-0.27,-0.19
5861.54,0.60,-0.26,-0.21
5861.55,0.60,-0.24,-0.22
5861.56,0.60,-0.23,-0.24
5861.57,0.60,-0.20,-0.25
5861.58,0.60,-0.18,-0.25
5861.59,0.60,-0.16,-0.25
5861.60,0.60,-0.13,-0.25
5861.61,0.60,-0.10,-0.23
5861.62,0.60,-0.07,-0.22
5861.63,0.60,-0.03,-0.20
5861.64,0.60,0.01,-0.18
5861.65,0.60,0.05,-0.15
5861.66,0.60,0.10,-0.12
5861.67,0.60,0.14,-0.10
5861.68,0.60,0.19,-0.07
5861.69,0.60,0.23,-0.03
5861.70,0.60,0.26,0.00
5861.71,0.60,0.29,0.03
5861.72,0.60,0.32,0.07
5861.73,0.60,0.34,0.10
5861.74,0.60,0.35,0.13
5861.75,0.60,0.36,0.16
5861.76,0.60,0.36,0.19
5861.77,0.60,0.36,0.22
5861.78,0.60,0.33,0.25
5861.79,0.60,0.31,0.27
5861.80,0.60,0.29,0.29
5861.81,0.60,0.28,0.31
5861.82,0.60,0.25,0.32
5861.83,0.60,0.23,0.32
5861.84,0.60,0.20,0.33
5861.85,0.60,0.17,0.32
5861.86,0.60,0.14,0.31
5861.87,0.60,0.11,0.30
5861.88,0.60,0.08,0.28
5861.89,0.60,0.04,0.25
5861.90,0.60,0.04,0.22
5861.91,0.60,0.00,0.18
5861.92,0.60,-0.06,0.15
5861.93,0.60,-0.10,0.11
5861.94,0.60,-0.17,0.07
5861.95,0.60,-0.21,0.04
5861.96,0.60,-0.24,0.00
5861.97,0.60,-0.24,-0.03
5861.98,0.60,-0.26,-0.06
5861.99,0.60,-0.27,-0.09
5862.00,0.60,-0.28,-0.12
5862.01,0.60,-0.28,-0.14
5862.02,0.60,-0.28,-0.16
5862.03,0.60,-0.26,-0.18
5862.04,0.60,-0.26,-0.20
5862.05,0.60,-0.24,-0.22
5862.06,0.60,-0.23,-0.23
5862.07,0.60,-0.21,-0.24
5862.08,0.60,-0.19,-0.25
5862.09,0.60,-0.16,-0.25
5862.10,0.60,-0.13,-0.25
5862.11,0.60,-0.10,-0.24
5862.12,0.60,-0.07,-0.22
5862.13,0.60,-0.03,-0.20
5862.14,0.60,0.01,-0.18
5862.15,0.60,0.05,-0.16
5862.16,0.60,0.10,-0.13
5862.17,0.60,0.14,-0.10
5862.18,0.60,0.19,-0.07
5862.19,0.60,0.23,-0.04
5862.20,0.60,0.27,-0.01
5862.21,0.60,0.30,0.02
5862.22,0.60,0.32,0.06
5862.23,0.60,0.34,0.09
5862.24,0.60,0.35,0.12
5862.25,0.60,0.36,0.16
5862.26,0.60,0.36,0.18
5862.27,0.60,0.36,0.22
5862.28,0.60,0.35,0.24
5862.29,0.60,0.32,0.26
5862.30,0.60,0.30,0.28
5862.31,0.60,0.28,0.30
5862.32,0.60,0.26,0.32
5862.33,0.60,0.24,0.32
5862.34,0.60,0.21,0.33
5862.35,0.60,0.18,0.32
5862.36,0.60,0.15,0.32
5862.37,0.60,0.12,0.30
5862.38,0.60,0.08,0.28
5862.39,0.60,0.05,0.25
5862.40,0.59,0.04,0.22
5862.41,0.60,0.00,0.19
5862.42,0.60,-0.04,0.15
5862.43,0.60,-0.10,0.11
5862.44,0.60,-0.15,0.07
5862.45,0.60,-0.20,0.03
5862.46,0.60,-0.23,0.00
5862.47,0.60,-0.23,-0.03
5862.48,0.60,-0.25,-0.06
5862.49,0.60,-0.26,-0.09
5862.50,0.60,-0.27,-0.12
5862.51,0.60,-0.27,-0.14
5862.52,0.60,-0.27,-0.17
5862.53,0.60,-0.26,-0.19
5862.54,0.60,-0.25,-0.20
5862.55,0.60,-0.24,-0.22
5862.56,0.60,-0.22,-0.24
5862.57,0.60,-0.20,-0.24
5862.58,0.60,-0.18,-0.25
5862.59,0.60,-0.16,-0.25
5862.60,0.60,-0.13,-0.25
5862.61,0.60,-0.10,-0.24
5862.62,0.60,-0.07,-0.23
5862.63,0.60,-0.03,-0.21
5862.64,0.60,0.01,-0.18
5862.65,0.60,0.05,-0.16
5862.66,0.60,0.09,-0.13
5862.67,0.60,0.14,-0.10
5862.68,0.60,0.19,-0.08
5862.69,0.60,0.22,-0.04
5862.70,0.60,0.26,-0.01
5862.71,0.60,0.29,0.02
5862.72,0.60,0.32,0.06
5862.73,0.60,0.34,0.09
5862.74,0.60,0.35,0.12
5862.75,0.60,0.36,0.16
5862.76,0.60,0.36,0.18
5862.77,0.60,0.36,0.21
5862.78,0.60,0.35,0.24
5862.79,0.60,0.31,0.26
5862.80,0.60,0.30,0.28
5862.81,0.60,0.28,0.30
5862.82,0.60,0.26,0.32
5862.83,0.60,0.24,0.33
5862.84,0.60,0.21,0.33
5862.85,0.60,0.18,0.33
5862.86,0.60,0.15,0.32
5862.87,0.60,0.12,0.31
5862.88,0.60,0.09,0.28
5862.89,0.60,0.07,0.26
5862.90,0.60,0.05,0.23
5862.91,0.60,0.00,0.19
5862.92,0.60,-0.03,0.15
5862.93,0.60,-0.09,0.11
5862.94,0.60,-0.16,0.08
5862.95,0.60,-0.20,0.04
5862.96,0.60,-0.23,0.00
5862.97,0.60,-0.23,-0.03
5862.98,0.60,-0.25,-0.06
5862.99,0.60,-0.27,-0.09
5863.00,0.60,-0.28,-0.12
5863.01,0.60,-0.28,-0.14
5863.02,0.60,-0.28,-0.16
5863.03,0.60,-0.27,-0.18
5863.04,0.60,-0.26,-0.20
5863.05,0.60,-0.25,-0.22
5863.06,0.60,-0.23,-0.23
5863.07,0.60,-0.21,-0.24
5863.08,0.60,-0.19,-0.25
5863.09,0.60,-0.17,-0.25
5863.10,0.60,-0.14,-0.24
5863.11,0.60,-0.11,-0.23
5863.12,0.60,-0.08,-0.22
5863.13,0.60,-0.04,-0.20
5863.14,0.60,0.00,-0.18
5863.15,0.60,0.04,-0.16
5863.16,0.60,0.09,-0.13
5863.17,0.60,0.13,-0.10
5863.18,0.60,0.18,-0.07
5863.19,0.60,0.22,-0.04
5863.20,0.60,0.26,-0.01
5863.21,0.60,0.29,0.03
5863.22,0.60,0.32,0.06
5863.23,0.60,0.34,0.09
5863.24,0.60,0.35,0.13
5863.25,0.60,0.37,0.16
5863.26,0.60,0.36,0.19
5863.27,0.60,0.36,0.22
5863.28,0.60,0.36,0.25
5863.29,0.60,0.33,0.27
5863.30,0.60,0.30,0.29
5863.31,0.60,0.29,0.31
5863.32,0.60,0.26,0.32
5863.33,0.60,0.24,0.34
5863.34,0.60,0.22,0.33
5863.35,0.60,0.19,0.33
5863.36,0.60,0.16,0.33
5863.37,0.60,0.12,0.31
5863.38,0.60,0.09,0.29
5863.39,0.60,0.05,0.26
5863.40,0.60,0.06,0.23
5863.41,0.60,0.01,0.16
5863.42,0.60,-0.03,0.14
5863.43,0.60,-0.09,0.12
5863.44,0.60,-0.15,0.08
5863.45,0.60,-0.20,0.04
5863.46,0.60,-0.23,0.00
5863.47,0.60,-0.24,-0.03
5863.48,0.60,-0.25,-0.06
5863.49,0.60,-0.27,-0.09
5863.50,0.60,-0.28,-0.11
5863.51,0.60,-0.28,-0.14
5863.52,0.60,-0.28,-0.16
5863.53,0.60,-0.27,-0.18
5863.54,0.60,-0.26,-0.20
5863.55,0.60,-0.25,-0.22
5863.56,0.60,-0.23,-0.23
5863.57,0.60,-0.21,-0.24
5863.58,0.60,-0.19,-0.24
5863.59,0.60,-0.17,-0.24
5863.60,0.60,-0.14,-0.24
5863.61,0.60,-0.11,-0.23
5863.62,0.60,-0.08,-0.22
5863.63,0.60,-0.04,-0.20
5863.64,0.60,0.00,-0.18
5863.65,0.60,0.04,-0.15
5863.66,0.60,0.09,-0.12
5863.67,0.60,0.13,-0.10
5863.68,0.60,0.17,-0.07
5863.69,0.60,0.21,-0.04
5863.70,0.60,0.25,0.00
5863.71,0.60,0.28,0.03
5863.72,0.60,0.31,0.06
5863.73,0.60,0.33,0.10
5863.74,0.60,0.35,0.13
5863.75,0.60,0.36,0.16
5863.76,0.60,0.36,0.19
5863.77,0.60,0.36,0.22
5863.78,0.60,0.35,0.25
5863.79,0.60,0.32,0.27
5863.80,0.60,0.30,0.29
5863.81,0.60,0.28,0.31
5863.82,0.60,0.26,0.32
5863.83,0.60,0.24,0.34
5863.84,0.60,0.21,0.34
5863.85,0.60,0.18,0.34
5863.86,0.60,0.15,0.33
5863.87,0.60,0.12,0.31
5863.88,0.60,0.08,0.29
5863.89,0.60,0.06,0.27
5863.90,0.60,0.05,0.24
5863.91,0.60,0.00,0.18
5863.92,0.60,-0.05,0.14
5863.93,0.60,-0.08,0.13
5863.94,0.60,-0.14,0.09
5863.95,0.60,-0.20,0.05
5863.96,0.60,-0.23,0.01
5863.97,0.60,-0.25,-0.02
5863.98,0.60,-0.25,-0.06
5863.99,0.60,-0.27,-0.08
5864.00,0.60,-0.28,-0.11
5864.01,0.60,-0.28,-0.13
5864.02,0.60,-0.28,-0.16
5864.03,0.60,-0.28,-0.18
5864.04,0.60,-0.27,-0.20
5864.05,0.60,-0.25,-0.22
5864.06,0.60,-0.24,-0.23
5864.07,0.60,-0.22,-0.24
5864.08,0.60,-0.20,-0.24
5864.09,0.60,-0.18,-0.24
5864.10,0.60,-0.15,-0.24
5864.11,0.60,-0.12,-0.23
5864.12,0.60,-0.09,-0.22
5864.13,0.60,-0.05,-0.20
5864.14,0.60,-0.01,-0.18
5864.15,0.60,0.04,-0.15
5864.16,0.60,0.08,-0.13
5864.17,0.60,0.12,-0.10
5864.18,0.60,0.17,-0.07
5864.19,0.60,0.21,-0.04
5864.20,0.60,0.25,0.00
5864.21,0.60,0.28,0.03
5864.22,0.60,0.31,0.07
5864.23,0.60,0.33,0.10
5864.24,0.60,0.35,0.13
5864.25,0.60,0.36,0.17
5864.26,0.60,0.36,0.20
5864.27,0.60,0.36,0.23
5864.28,0.60,0.35,0.25
5864.29,0.60,0.33,0.28
5864.30,0.60,0.30,0.30
5864.31,0.60,0.29,0.31
5864.32,0.60,0.26,0.33
5864.33,0.60,0.24,0.34
5864.34,0.60,0.21,0.34
5864.35,0.60,0.18,0.34
5864.36,0.60,0.15,0.33
5864.37,0.60,0.12,0.31
5864.38,0.60,0.09,0.29
5864.39,0.60,0.05,0.27
5864.40,0.60,0.03,0.23
5864.41,0.60,-0.01,0.19
5864.42,0.60,-0.05,0.16
5864.43,0.60,-0.09,0.12
5864.44,0.60,-0.16,0.08
5864.45,0.60,-0.20,0.04
5864.46,0.60,-0.23,0.01
5864.47,0.60,-0.23,-0.03
5864.48,0.60,-0.25,-0.06
5864.49,0.60,-0.27,-0.09
5864.50,0.60,-0.28,-0.11
5864.51,0.60,-0.28,-0.14
5864.52,0.60,-0.28,-0.16
5864.53,0.60,-0.27,-0.18
5864.54,0.60,-0.26,-0.20
5864.55,0.60,-0.25,-0.22
5864.56,0.60,-0.23,-0.23
5864.57,0.60,-0.22,-0.24
5864.58,0.60,-0.19,-0.24
5864.59,0.60,-0.17,-0.24
5864.60,0.60,-0.14,-0.24
5864.61,0.60,-0.11,-0.23
5864.62,0.60,-0.08,-0.22
5864.63,0.60,-0.05,-0.20
5864.64,0.60,0.00,-0.18
5864.65,0.60,0.04,-0.15
5864.66,0.60,0.08,-0.12
5864.67,0.60,0.13,-0.09
5864.68,0.60,0.17,-0.06
5864.69,0.60,0.22,-0.03
5864.70,0.60,0.25,0.00
5864.71,0.60,0.29,0.04
5864.72,0.60,0.31,0.07
5864.73,0.60,0.34,0.10
5864.74,0.60,0.35,0.14
5864.75,0.60,0.36,0.17
5864.76,0.60,0.37,0.20
5864.77,0.60,0.36,0.23
5864.78,0.60,0.36,0.26
5864.79,0.60,0.32,0.28
5864.80,0.60,0.31,0.29
5864.81,0.60,0.28,0.31
5864.82,0.60,0.27,0.33
5864.83,0.60,0.24,0.33
5864.84,0.60,0.22,0.34
5864.85,0.60,0.19,0.34
5864.86,0.60,0.16,0.33
5864.87,0.60,0.13,0.31
5864.88,0.60,0.09,0.29
5864.89,0.60,0.06,0.26
5864.90,0.60,0.05,0.22
5864.91,0.60,0.03,0.15
5864.92,0.60,-0.03,0.14
5864.93,0.60,-0.07,0.12
5864.94,0.60,-0.14,0.08
5864.95,0.60,-0.18,0.04
5864.96,0.60,-0.22,0.00
5864.97,0.60,-0.23,-0.03
5864.98,0.60,-0.24,-0.07
5864.99,0.60,-0.26,-0.09
5865.00,0.60,-0.27,-0.12
5865.01,0.60,-0.27,-0.15
5865.02,0.60,-0.27,-0.17
5865.03,0.60,-0.26,-0.19
5865.04,0.60,-0.26,-0.21
5865.05,0.60,-0.24,-0.22
5865.06,0.60,-0.23,-0.24
5865.07,0.60,-0.21,-0.25
5865.08,0.60,-0.19,-0.25
5865.09,0.60,-0.17,-0.25
5865.10,0.60,-0.14,-0.25
5865.11,0.60,-0.11,-0.24
5865.12,0.60,-0.08,-0.22
5865.13,0.60,-0.04,-0.21
5865.14,0.60,0.00,-0.18
5865.15,0.60,0.04,-0.15
5865.16,0.60,0.09,-0.13
5865.17,0.60,0.13,-0.10
5865.18,0.60,0.18,-0.07
5865.19,0.60,0.22,-0.03
5865.20,0.60,0.26,-0.01
5865.21,0.60,0.29,0.03
5865.22,0.60,0.32,0.07
5865.23,0.60,0.34,0.10
5865.24,0.60,0.36,0.14
5865.25,0.60,0.37,0.17
5865.26,0.60,0.37,0.20
5865.27,0.60,0.37,0.23
5865.28,0.60,0.37,0.25
5865.29,0.60,0.34,0.28
5865.30,0.60,0.31,0.30
5865.31,0.60,0.30,0.31
5865.32,0.60,0.27,0.33
5865.33,0.60,0.25,0.34
5865.34,0.60,0.22,0.34
5865.35,0.60,0.20,0.33
5865.36,0.60,0.16,0.32
5865.37,0.60,0.13,0.31
5865.38,0.60,0.10,0.29
5865.39,0.60,0.06,0.26
5865.40,0.60,0.03,0.22
5865.41,0.60,0.02,0.14
5865.42,0.60,-0.01,0.15
5865.43,0.60,-0.06,0.12
5865.44,0.60,-0.13,0.07
5865.45,0.60,-0.18,0.03
5865.46,0.60,-0.22,-0.01
5865.47,0.60,-0.22,-0.04
5865.48,0.60,-0.24,-0.07
5865.49,0.60,-0.26,-0.10
5865.50,0.60,-0.27,-0.12
5865.51,0.60,-0.27,-0.15
5865.52,0.60,-0.27,-0.17
5865.53,0.60,-0.26,-0.19
5865.54,0.60,-0.26,-0.21
5865.55,0.60,-0.24,-0.23
5865.56,0.60,-0.23,-0.24
5865.57,0.60,-0.21,-0.24
5865.58,0.60,-0.19,-0.25
5865.59,0.60,-0.16,-0.25
5865.60,0.60,-0.14,-0.25
5865.61,0.60,-0.11,-0.24
5865.62,0.60,-0.07,-0.22
5865.63,0.60,-0.04,-0.20
5865.64,0.60,0.00,-0.18
5865.65,0.60,0.04,-0.16
5865.66,0.60,0.09,-0.13
5865.67,0.60,0.13,-0.10
5865.68,0.60,0.18,-0.07
5865.69,0.60,0.22,-0.03
5865.70,0.60,0.26,0.00
5865.71,0.60,0.29,0.03
5865.72,0.60,0.32,0.07
5865.73,0.60,0.34,0.10
5865.74,0.60,0.36,0.14
5865.75,0.60,0.37,0.17
5865.76,0.60,0.38,0.20
5865.77,0.60,0.38,0.23
5865.78,0.60,0.37,0.26
5865.79,0.60,0.33,0.28
5865.80,0.60,0.32,0.30
5865.81,0.60,0.30,0.31
5865.82,0.60,0.28,0.33
5865.83,0.60,0.25,0.34
5865.84,0.60,0.22,0.34
5865.85,0.60,0.20,0.33
5865.86,0.60,0.17,0.32
5865.87,0.60,0.13,0.30
5865.88,0.60,0.10,0.28
5865.89,0.60,0.06,0.25
5865.90,0.60,0.02,0.19
5865.91,0.60,0.00,0.14
5865.92,0.60,-0.03,0.12
5865.93,0.60,-0.07,0.11
5865.94,0.60,-0.14,0.07
5865.95,0.60,-0.18,0.03
5865.96,0.60,-0.21,-0.01
5865.97,0.60,-0.23,-0.04
5865.98,0.60,-0.24,-0.08
5865.99,0.60,-0.26,-0.11
5866.00,0.60,-0.27,-0.13
5866.01,0.60,-0.27,-0.15
5866.02,0.60,-0.27,-0.17
5866.03,0.60,-0.26,-0.19
5866.04,0.60,-0.25,-0.21
5866.05,0.60,-0.24,-0.23
5866.06,0.60,-0.23,-0.24
5866.07,0.60,-0.21,-0.25
5866.08,0.60,-0.19,-0.25
5866.09,0.60,-0.16,-0.25
5866.10,0.60,-0.14,-0.25
5866.11,0.60,-0.10,-0.24
5866.12,0.60,-0.08,-0.22
5866.13,0.60,-0.04,-0.20
5866.14,0.60,-0.01,-0.18
5866.15,0.60,0.04,-0.15
5866.16,0.60,0.09,-0.13
5866.17,0.60,0.13,-0.10
5866.18,0.60,0.17,-0.07
5866.19,0.60,0.22,-0.03
5866.20,0.60,0.25,0.00
5866.21,0.60,0.29,0.04
5866.22,0.60,0.32,0.07
5866.23,0.60,0.34,0.10
5866.24,0.60,0.36,0.14
5866.25,0.60,0.37,0.17
5866.26,0.60,0.37,0.21
5866.27,0.60,0.37,0.23
5866.28,0.60,0.37,0.26
5866.29,0.60,0.34,0.28
5866.30,0.60,0.31,0.30
5866.31,0.60,0.29,0.32
5866.32,0.60,0.27,0.33
5866.33,0.60,0.25,0.35
5866.34,0.60,0.22,0.34
5866.35,0.60,0.19,0.34
5866.36,0.60,0.16,0.32
5866.37,0.60,0.13,0.31
5866.38,0.60,0.09,0.28
5866.39,0.60,0.05,0.26
5866.40,0.60,0.04,0.20
5866.41,0.60,0.02,0.14
5866.42,0.60,-0.02,0.10
5866.43,0.60,-0.07,0.08
5866.44,0.60,-0.15,0.07
5866.45,0.60,-0.19,0.03
5866.46,0.60,-0.22,-0.01
5866.47,0.60,-0.22,-0.04
5866.48,0.60,-0.24,-0.07
5866.49,0.60,-0.26,-0.10
5866.50,0.60,-0.27,-0.12
5866.51,0.60,-0.27,-0.15
5866.52,0.60,-0.27,-0.17
5866.53,0.60,-0.27,-0.19
5866.54,0.60,-0.25,-0.21
5866.55,0.60,-0.24,-0.23
5866.56,0.60,-0.22,-0.24
5866.57,0.60,-0.21,-0.24
5866.58,0.60,-0.18,-0.25
5866.59,0.60,-0.16,-0.25
5866.60,0.60,-0.13,-0.24
5866.61,0.60,-0.10,-0.23
5866.62,0.60,-0.07,-0.22
5866.63,0.60,-0.04,-0.20
5866.64,0.60,0.00,-0.18
5866.65,0.59,0.04,-0.15
5866.66,0.60,0.09,-0.12
5866.67,0.60,0.13,-0.09
5866.68,0.60,0.17,-0.06
5866.69,0.60,0.22,-0.03
5866.70,0.60,0.25,0.01
5866.71,0.60,0.29,0.04
5866.72,0.60,0.32,0.07
5866.73,0.60,0.34,0.11
5866.74,0.60,0.35,0.14
5866.75,0.60,0.37,0.18
5866.76,0.60,0.37,0.21
5866.77,0.60,0.37,0.24
5866.78,0.60,0.36,0.26
5866.79,0.60,0.33,0.28
5866.80,0.60,0.31,0.30
5866.81,0.60,0.29,0.32
5866.82,0.60,0.27,0.33
5866.83,0.60,0.24,0.34
5866.84,0.60,0.21,0.34
5866.85,0.60,0.19,0.34
5866.86,0.60,0.15,0.32
5866.87,0.60,0.12,0.31
5866.88,0.60,0.09,0.28
5866.89,0.60,0.05,0.25
5866.90,0.60,0.01,0.20
5866.91,0.60,-0.01,0.14
5866.92,0.60,-0.03,0.10
5866.93,0.60,-0.09,0.09
5866.94,0.60,-0.14,0.07
5866.95,0.60,-0.19,0.03
5866.96,0.60,-0.22,0.00
5866.97,0.60,-0.23,-0.04
5866.98,0.60,-0.24,-0.07
5866.99,0.60,-0.26,-0.10
5867.00,0.60,-0.27,-0.12
5867.01,0.60,-0.28,-0.15
5867.02,0.60,-0.27,-0.17
5867.03,0.60,-0.27,-0.19
5867.04,0.60,-0.26,-0.20
5867.05,0.60,-0.24,-0.22
5867.06,0.60,-0.23,-0.23
5867.07,0.60,-0.21,-0.24
5867.08,0.60,-0.19,-0.24
5867.09,0.60,-0.16,-0.24
5867.10,0.60,-0.14,-0.24
5867.11,0.60,-0.11,-0.23
5867.12,0.60,-0.07,-0.22
5867.13,0.60,-0.04,-0.20
5867.14,0.60,0.00,-0.18
5867.15,0.60,0.04,-0.15
5867.16,0.60,0.09,-0.12
5867.17,0.60,0.13,-0.09
5867.18,0.60,0.18,-0.06
5867.19,0.60,0.22,-0.03
5867.20,0.60,0.26,0.01
5867.21,0.60,0.30,0.04
5867.22,0.60,0.32,0.07
5867.23,0.60,0.35,0.11
5867.24,0.60,0.36,0.14
5867.25,0.60,0.37,0.18
5867.26,0.60,0.37,0.21
5867.27,0.60,0.37,0.24
5867.28,0.60,0.37,0.26
5867.29,0.60,0.33,0.28
5867.30,0.60,0.31,0.30
5867.31,0.60,0.29,0.32
5867.32,0.60,0.27,0.33
5867.33,0.60,0.24,0.34
5867.34,0.60,0.22,0.34
5867.35,0.60,0.19,0.34
5867.36,0.60,0.16,0.33
5867.37,0.60,0.12,0.31
5867.38,0.60,0.09,0.29
5867.39,0.60,0.05,0.26
5867.40,0.60,0.01,0.22
5867.41,0.60,-0.02,0.14
5867.42,0.60,-0.04,0.14
5867.43,0.60,-0.11,0.12
5867.44,0.60,-0.15,0.07
5867.45,0.60,-0.19,0.04
5867.46,0.60,-0.22,0.00
5867.47,0.60,-0.23,-0.03
5867.48,0.60,-0.25,-0.06
5867.49,0.60,-0.27,-0.09
5867.50,0.60,-0.28,-0.11
5867.51,0.60,-0.28,-0.14
5867.52,0.60,-0.28,-0.16
5867.53,0.60,-0.27,-0.18
5867.54,0.60,-0.26,-0.20
5867.55,0.60,-0.25,-0.22
5867.56,0.60,-0.23,-0.23
5867.57,0.60,-0.21,-0.24
5867.58,0.60,-0.19,-0.24
5867.59,0.60,-0.16,-0.24
5867.60,0.60,-0.13,-0.24
5867.61,0.60,-0.10,-0.23
5867.62,0.60,-0.07,-0.22
5867.63,0.60,-0.04,-0.20
5867.64,0.60,0.00,-0.18
5867.65,0.60,0.05,-0.15
5867.66,0.60,0.09,-0.12
5867.67,0.60,0.13,-0.09
5867.68,0.60,0.18,-0.06
5867.69,0.60,0.22,-0.03
5867.70,0.60,0.26,0.00
5867.71,0.60,0.29,0.04
5867.72,0.60,0.32,0.08
5867.73,0.60,0.34,0.11
5867.74,0.60,0.36,0.14
5867.75,0.60,0.37,0.18
5867.76,0.60,0.37,0.21
5867.77,0.60,0.37,0.24
5867.78,0.60,0.36,0.26
5867.79,0.60,0.33,0.28
5867.80,0.60,0.31,0.30
5867.81,0.60,0.29,0.32
5867.82,0.60,0.27,0.33
5867.83,0.60,0.24,0.34
5867.84,0.60,0.22,0.34
5867.85,0.60,0.19,0.34
5867.86,0.60,0.16,0.32
5867.87,0.60,0.12,0.31
5867.88,0.60,0.09,0.28
5867.89,0.60,0.06,0.26
5867.90,0.60,0.05,0.22
5867.91,0.60,0.01,0.18
5867.92,0.60,-0.02,0.15
5867.93,0.60,-0.06,0.12
5867.94,0.60,-0.12,0.08
5867.95,0.60,-0.19,0.04
5867.96,0.60,-0.22,0.00
5867.97,0.60,-0.23,-0.03
5867.98,0.60,-0.24,-0.06
5867.99,0.60,-0.26,-0.09
5868.00,0.60,-0.27,-0.11
5868.01,0.60,-0.28,-0.14
5868.02,0.60,-0.28,-0.16
5868.03,0.60,-0.27,-0.18
5868.04,0.60,-0.26,-0.20
5868.05,0.60,-0.24,-0.22
5868.06,0.60,-0.23,-0.23
5868.07,0.60,-0.21,-0.24
5868.08,0.60,-0.19,-0.24
5868.09,0.60,-0.17,-0.25
5868.10,0.60,-0.14,-0.24
5868.11,0.60,-0.11,-0.23
5868.12,0.60,-0.08,-0.22
5868.13,0.60,-0.04,-0.20
5868.14,0.60,0.00,-0.18
5868.15,0.60,0.04,-0.15
5868.16,0.60,0.09,-0.12
5868.17,0.60,0.13,-0.10
5868.18,0.60,0.18,-0.06
5868.19,0.60,0.22,-0.03
5868.20,0.60,0.26,0.00
5868.21,0.60,0.29,0.04
5868.22,0.60,0.32,0.08
5868.23,0.60,0.34,0.11
5868.24,0.60,0.36,0.14
5868.25,0.60,0.37,0.18
5868.26,0.60,0.38,0.20
5868.27,0.60,0.38,0.23
5868.28,0.60,0.37,0.26
5868.29,0.60,0.34,0.28
5868.30,0.60,0.31,0.30
5868.31,0.60,0.29,0.31
5868.32,0.60,0.27,0.32
5868.33,0.60,0.24,0.33
5868.34,0.60,0.22,0.34
5868.35,0.60,0.18,0.33
5868.36,0.60,0.16,0.32
5868.37,0.60,0.12,0.31
5868.38,0.60,0.09,0.28
5868.39,0.60,0.05,0.26
5868.40,0.60,0.04,0.23
5868.41,0.60,0.01,0.19
5868.42,0.60,-0.03,0.16
5868.43,0.60,-0.08,0.12
5868.44,0.60,-0.15,0.08
5868.45,0.60,-0.19,0.04
5868.46,0.60,-0.22,0.01
5868.47,0.60,-0.23,-0.03
5868.48,0.60,-0.25,-0.06
5868.49,0.60,-0.27,-0.09
5868.50,0.60,-0.28,-0.11
5868.51,0.60,-0.28,-0.14
5868.52,0.60,-0.28,-0.16
5868.53,0.60,-0.27,-0.18
5868.54,0.60,-0.26,-0.21
5868.55,0.60,-0.24,-0.22
5868.56,0.60,-0.23,-0.24
5868.57,0.60,-0.21,-0.24
5868.58,0.60,-0.18,-0.25
5868.59,0.60,-0.16,-0.25
5868.60,0.60,-0.13,-0.25
5868.61,0.60,-0.10,-0.24
5868.62,0.60,-0.07,-0.22
5868.63,0.60,-0.03,-0.20
5868.64,0.60,0.01,-0.18
5868.65,0.60,0.05,-0.16
5868.66,0.60,0.09,-0.13
5868.67,0.60,0.14,-0.10
5868.68,0.60,0.18,-0.07
5868.69,0.60,0.23,-0.04
5868.70,0.60,0.26,0.00
5868.71,0.60,0.30,0.03
5868.72,0.60,0.33,0.07
5868.73,0.60,0.34,0.10
5868.74,0.60,0.37,0.14
5868.75,0.60,0.37,0.17
5868.76,0.60,0.38,0.20
5868.77,0.60,0.38,0.23
5868.78,0.60,0.37,0.26
5868.79,0.60,0.34,0.28
5868.80,0.60,0.31,0.30
5868.81,0.60,0.30,0.32
5868.82,0.60,0.27,0.34
5868.83,0.60,0.25,0.33
5868.84,0.60,0.22,0.34
5868.85,0.60,0.19,0.33
5868.86,0.60,0.16,0.32
5868.87,0.60,0.12,0.31
5868.88,0.60,0.09,0.29
5868.89,0.60,0.05,0.26
5868.90,0.60,0.02,0.23
5868.91,0.60,-0.01,0.19
5868.92,0.60,-0.04,0.16
5868.93,0.60,-0.09,0.12
5868.94,0.60,-0.15,0.08
5868.95,0.60,-0.18,0.04
5868.96,0.60,-0.22,0.00
5868.97,0.60,-0.23,-0.03
5868.98,0.60,-0.24,-0.06
5868.99,0.60,-0.26,-0.09
5869.00,0.60,-0.27,-0.11
5869.01,0.60,-0.28,-0.14
5869.02,0.60,-0.27,-0.16
5869.03,0.60,-0.27,-0.18
5869.04,0.60,-0.26,-0.21
5869.05,0.60,-0.24,-0.22
5869.06,0.60,-0.23,-0.24
5869.07,0.60,-0.20,-0.24
5869.08,0.60,-0.18,-0.25
5869.09,0.60,-0.16,-0.25
5869.10,0.60,-0.13,-0.25
5869.11,0.60,-0.10,-0.24
5869.12,0.60,-0.07,-0.22
5869.13,0.60,-0.03,-0.21
5869.14,0.60,0.01,-0.19
5869.15,0.60,0.05,-0.16
5869.16,0.60,0.09,-0.13
5869.17,0.60,0.14,-0.10
5869.18,0.60,0.18,-0.07
5869.19,0.60,0.22,-0.04
5869.20,0.60,0.27,0.00
5869.21,0.60,0.30,0.03
5869.22,0.60,0.33,0.07
5869.23,0.60,0.35,0.10
5869.24,0.60,0.36,0.14
5869.25,0.60,0.38,0.17
5869.26,0.60,0.38,0.20
5869.27,0.60,0.38,0.23
5869.28,0.60,0.37,0.25
5869.29,0.60,0.34,0.28
5869.30,0.60,0.31,0.30
5869.31,0.60,0.29,0.31
5869.32,0.60,0.27,0.33
5869.33,0.60,0.24,0.33
5869.34,0.60,0.22,0.34
5869.35,0.60,0.19,0.34
5869.36,0.60,0.15,0.33
5869.37,0.60,0.12,0.31
5869.38,0.60,0.08,0.29
5869.39,0.60,0.05,0.26
5869.40,0.60,0.02,0.23
5869.41,0.60,-0.01,0.15
5869.42,0.60,-0.06,0.16
5869.43,0.60,-0.10,0.12
5869.44,0.60,-0.15,0.08
5869.45,0.60,-0.19,0.04
5869.46,0.60,-0.23,0.00
5869.47,0.60,-0.23,-0.03
5869.48,0.60,-0.25,-0.07
5869.49,0.60,-0.27,-0.09
5869.50,0.60,-0.28,-0.12
5869.51,0.60,-0.28,-0.15
5869.52,0.60,-0.28,-0.17
5869.53,0.60,-0.27,-0.19
5869.54,0.60,-0.26,-0.21
5869.55,0.60,-0.24,-0.22
5869.56,0.60,-0.23,-0.24
5869.57,0.60,-0.21,-0.25
5869.58,0.60,-0.18,-0.25
5869.59,0.60,-0.16,-0.25
5869.60,0.60,-0.13,-0.25
5869.61,0.60,-0.10,-0.24
5869.62,0.60,-0.07,-0.23
5869.63,0.60,-0.03,-0.21
5869.64,0.60,0.01,-0.19
5869.65,0.60,0.05,-0.16
5869.66,0.60,0.09,-0.13
5869.67,0.60,0.14,-0.10
5869.68,0.60,0.19,-0.07
5869.69,0.60,0.23,-0.04
5869.70,0.60,0.27,0.00
5869.71,0.60,0.30,0.03
5869.72,0.60,0.33,0.07
5869.73,0.60,0.35,0.10
5869.74,0.60,0.36,0.14
5869.75,0.60,0.38,0.17
5869.76,0.60,0.37,0.20
5869.77,0.60,0.38,0.23
5869.78,0.60,0.37,0.25
5869.79,0.60,0.33,0.28
5869.80,0.60,0.31,0.30
5869.81,0.60,0.29,0.31
5869.82,0.60,0.26,0.32
5869.83,0.60,0.23,0.33
5869.84,0.60,0.21,0.34
5869.85,0.60,0.17,0.33
5869.86,0.60,0.14,0.32
5869.87,0.60,0.10,0.31
5869.88,0.60,0.07,0.29
5869.89,0.60,0.04,0.26
5869.90,0.60,0.01,0.23
5869.91,0.60,-0.04,0.16
5869.92,0.60,-0.07,0.16
5869.93,0.60,-0.12,0.12
5869.94,0.60,-0.16,0.08
5869.95,0.60,-0.20,0.04
5869.96,0.60,-0.23,0.01
5869.97,0.60,-0.24,-0.03
5869.98,0.60,-0.25,-0.06
5869.99,0.60,-0.27,-0.09
5870.00,0.60,-0.28,-0.12
5870.01,0.60,-0.29,-0.14
5870.02,0.60,-0.28,-0.16
5870.03,0.60,-0.28,-0.19
5870.04,0.60,-0.27,-0.20
5870.05,0.60,-0.25,-0.22
5870.06,0.60,-0.23,-0.23
5870.07,0.60,-0.21,-0.25
5870.08,0.60,-0.19,-0.25
5870.09,0.60,-0.17,-0.25
5870.10,0.60,-0.14,-0.25
5870.11,0.60,-0.11,-0.24
5870.12,0.60,-0.07,-0.23
5870.13,0.60,-0.04,-0.21
5870.14,0.60,0.00,-0.19
5870.15,0.60,0.05,-0.16
5870.16,0.60,0.09,-0.13
5870.17,0.60,0.13,-0.10
5870.18,0.60,0.18,-0.07
5870.19,0.60,0.22,-0.04
5870.20,0.60,0.26,0.00
5870.21,0.60,0.30,0.03
5870.22,0.60,0.33,0.07
5870.23,0.60,0.34,0.11
5870.24,0.60,0.36,0.14
5870.25,0.60,0.37,0.17
5870.26,0.60,0.37,0.20
5870.27,0.60,0.37,0.23
5870.28,0.60,0.36,0.26
5870.29,0.60,0.32,0.27
5870.30,0.60,0.30,0.30
5870.31,0.60,0.29,0.32
5870.32,0.60,0.28,0.33
5870.33,0.60,0.25,0.34
5870.34,0.60,0.21,0.34
5870.35,0.60,0.17,0.33
5870.36,0.60,0.14,0.33
5870.37,0.60,0.11,0.31
5870.38,0.60,0.07,0.29
5870.39,0.60,0.04,0.26
5870.40,0.60,0.00,0.23
5870.41,0.60,-0.04,0.20
5870.42,0.60,-0.08,0.16
5870.43,0.60,-0.12,0.12
5870.44,0.60,-0.16,0.08
5870.45,0.60,-0.20,0.04
5870.46,0.60,-0.23,0.01
5870.47,0.60,-0.25,-0.02
5870.48,0.60,-0.25,-0.06
5870.49,0.60,-0.27,-0.09
5870.50,0.60,-0.28,-0.11
5870.51,0.60,-0.29,-0.14
5870.52,0.60,-0.28,-0.16
5870.53,0.60,-0.28,-0.19
5870.54,0.60,-0.26,-0.20
5870.55,0.60,-0.25,-0.22
5870.56,0.60,-0.23,-0.24
5870.57,0.60,-0.21,-0.24
5870.58,0.60,-0.19,-0.24
5870.59,0.60,-0.16,-0.25
5870.60,0.60,-0.14,-0.24
5870.61,0.60,-0.11,-0.24
5870.62,0.60,-0.08,-0.22
5870.63,0.60,-0.04,-0.20
5870.64,0.60,0.00,-0.18
5870.65,0.60,0.05,-0.16
5870.66,0.60,0.09,-0.13
5870.67,0.60,0.13,-0.10
5870.68,0.60,0.18,-0.07
5870.69,0.60,0.22,-0.03
5870.70,0.60,0.26,0.00
5870.71,0.60,0.29,0.04
5870.72,0.60,0.32,0.07
5870.73,0.60,0.34,0.11
5870.74,0.60,0.36,0.14
5870.75,0.60,0.37,0.17
5870.76,0.60,0.37,0.20
5870.77,0.60,0.37,0.23
5870.78,0.60,0.35,0.26
5870.79,0.60,0.32,0.28
5870.80,0.60,0.30,0.30
5870.81,0.60,0.29,0.31
5870.82,0.60,0.27,0.32
5870.83,0.60,0.23,0.33
5870.84,0.60,0.21,0.33
5870.85,0.60,0.18,0.33
5870.86,0.60,0.14,0.32
5870.87,0.60,0.11,0.31
5870.88,0.60,0.08,0.29
5870.89,0.60,0.04,0.26
5870.90,0.60,0.00,0.23
5870.91,0.60,-0.04,0.20
5870.92,0.60,-0.07,0.16
5870.93,0.60,-0.12,0.13
5870.94,0.60,-0.16,0.09
5870.95,0.60,-0.20,0.05
5870.96,0.60,-0.23,0.01
5870.97,0.60,-0.23,-0.02
5870.98,0.60,-0.25,-0.06
5870.99,0.60,-0.27,-0.08
5871.00,0.60,-0.28,-0.11
5871.01,0.60,-0.28,-0.14
5871.02,0.60,-0.29,-0.16
5871.03,0.60,-0.28,-0.18
5871.04,0.60,-0.27,-0.20
5871.05,0.60,-0.25,-0.22
5871.06,0.60,-0.24,-0.23
5871.07,0.60,-0.22,-0.24
5871.08,0.60,-0.20,-0.25
5871.09,0.60,-0.17,-0.25
5871.10,0.60,-0.14,-0.25
5871.11,0.60,-0.11,-0.24
5871.12,0.60,-0.08,-0.22
5871.13,0.60,-0.04,-0.21
5871.14,0.60,0.00,-0.18
5871.15,0.60,0.04,-0.16
5871.16,0.60,0.08,-0.13
5871.17,0.60,0.13,-0.10
5871.18,0.60,0.17,-0.07
5871.19,0.60,0.22,-0.03
5871.20,0.60,0.26,0.00
5871.21,0.60,0.29,0.04
5871.22,0.60,0.32,0.07
5871.23,0.60,0.34,0.10
5871.24,0.60,0.36,0.14
5871.25,0.60,0.37,0.17
5871.26,0.60,0.37,0.20
5871.27,0.60,0.37,0.23
5871.28,0.60,0.36,0.25
5871.29,0.60,0.33,0.27
5871.30,0.60,0.31,0.29
5871.31,0.60,0.29,0.31
5871.32,0.60,0.26,0.32
5871.33,0.60,0.24,0.33
5871.34,0.60,0.21,0.33
5871.35,0.60,0.18,0.33
5871.36,0.60,0.15,0.32
5871.37,0.60,0.12,0.31
5871.38,0.60,0.08,0.28
5871.39,0.60,0.05,0.26
5871.40,0.60,0.01,0.23
5871.41,0.60,-0.02,0.19
5871.42,0.60,-0.07,0.16
5871.43,0.60,-0.11,0.12
5871.44,0.60,-0.15,0.08
5871.45,0.60,-0.19,0.05
5871.46,0.60,-0.22,0.01
5871.47,0.60,-0.23,-0.03
5871.48,0.60,-0.25,-0.06
5871.49,0.60,-0.27,-0.09
5871.50,0.60,-0.28,-0.11
5871.51,0.60,-0.28,-0.14
5871.52,0.60,-0.28,-0.16
5871.53,0.60,-0.27,-0.19
5871.54,0.60,-0.26,-0.20
5871.55,0.60,-0.25,-0.22
5871.56,0.60,-0.23,-0.24
5871.57,0.60,-0.21,-0.24
5871.58,0.60,-0.19,-0.25
5871.59,0.60,-0.17,-0.25
5871.60,0.60,-0.14,-0.25
5871.61,0.60,-0.11,-0.24
5871.62,0.60,-0.08,-0.22
5871.63,0.60,-0.04,-0.21
5871.64,0.60,0.00,-0.19
5871.65,0.60,0.04,-0.16
5871.66,0.60,0.09,-0.13
5871.67,0.60,0.13,-0.10
5871.68,0.60,0.18,-0.07
5871.69,0.60,0.22,-0.04
5871.70,0.60,0.26,0.00
5871.71,0.60,0.29,0.03
5871.72,0.60,0.32,0.07
5871.73,0.60,0.34,0.10
5871.74,0.60,0.36,0.14
5871.75,0.60,0.37,0.17
5871.76,0.60,0.37,0.20
5871.77,0.60,0.37,0.22
5871.78,0.60,0.36,0.25
5871.79,0.60,0.33,0.27
5871.80,0.60,0.30,0.29
5871.81,0.60,0.29,0.31
5871.82,0.60,0.26,0.33
5871.83,0.60,0.24,0.33
5871.84,0.60,0.21,0.33
5871.85,0.60,0.18,0.33
5871.86,0.60,0.15,0.32
5871.87,0.60,0.12,0.31
5871.88,0.60,0.09,0.28
5871.89,0.60,0.05,0.26
5871.90,0.60,0.02,0.23
5871.91,0.60,-0.02,0.20
5871.92,0.60,-0.07,0.16
5871.93,0.60,-0.10,0.12
5871.94,0.60,-0.14,0.08
5871.95,0.60,-0.18,0.04
5871.96,0.60,-0.22,0.01
5871.97,0.60,-0.22,-0.03
5871.98,0.60,-0.24,-0.06
5871.99,0.60,-0.26,-0.09
5872.00,0.60,-0.27,-0.11
5872.01,0.60,-0.28,-0.14
5872.02,0.60,-0.27,-0.16
5872.03,0.60,-0.27,-0.18
5872.04,0.60,-0.26,-0.20
5872.05,0.60,-0.24,-0.22
5872.06,0.60,-0.23,-0.23
5872.07,0.60,-0.21,-0.24
5872.08,0.60,-0.19,-0.24
5872.09,0.60,-0.16,-0.24
5872.10,0.60,-0.14,-0.24
5872.11,0.60,-0.11,-0.23
5872.12,0.60,-0.08,-0.22
5872.13,0.60,-0.04,-0.20
5872.14,0.60,0.00,-0.18
5872.15,0.60,0.04,-0.16
5872.16,0.60,0.09,-0.13
5872.17,0.60,0.13,-0.10
5872.18,0.60,0.18,-0.07
5872.19,0.60,0.22,-0.04
5872.20,0.60,0.26,0.00
5872.21,0.60,0.29,0.03
5872.22,0.60,0.32,0.06
5872.23,0.60,0.34,0.10
5872.24,0.60,0.36,0.13
5872.25,0.60,0.37,0.16
5872.26,0.60,0.37,0.20
5872.27,0.60,0.37,0.23
5872.28,0.60,0.36,0.25
5872.29,0.60,0.34,0.27
5872.30,0.60,0.30,0.30
5872.31,0.60,0.29,0.31
5872.32,0.60,0.26,0.33
5872.33,0.60,0.24,0.33
5872.34,0.60,0.21,0.34
5872.35,0.60,0.18,0.34
5872.36,0.60,0.15,0.33
5872.37,0.60,0.12,0.31
5872.38,0.60,0.08,0.29
5872.39,0.60,0.04,0.27
5872.40,0.60,0.01,0.23
5872.41,0.60,-0.03,0.16
5872.42,0.60,-0.07,0.12
5872.43,0.60,-0.10,0.13
5872.44,0.60,-0.15,0.08
5872.45,0.60,-0.19,0.05
5872.46,0.60,-0.22,0.01
5872.47,0.60,-0.24,-0.03
5872.48,0.60,-0.25,-0.06
5872.49,0.60,-0.26,-0.09
5872.50,0.60,-0.28,-0.12
5872.51,0.60,-0.28,-0.14
5872.52,0.60,-0.28,-0.16
5872.53,0.60,-0.27,-0.19
5872.54,0.60,-0.26,-0.20
5872.55,0.60,-0.25,-0.22
5872.56,0.60,-0.23,-0.23
5872.57,0.60,-0.21,-0.24
5872.58,0.60,-0.19,-0.24
5872.59,0.60,-0.16,-0.25
5872.60,0.60,-0.13,-0.24
5872.61,0.60,-0.11,-0.23
5872.62,0.60,-0.07,-0.22
5872.63,0.60,-0.04,-0.20
5872.64,0.60,0.00,-0.18
5872.65,0.60,0.04,-0.16
5872.66,0.60,0.09,-0.13
5872.67,0.60,0.13,-0.10
5872.68,0.60,0.18,-0.07
5872.69,0.60,0.22,-0.04
5872.70,0.60,0.26,0.00
5872.71,0.60,0.30,0.03
5872.72,0.60,0.32,0.07
5872.73,0.60,0.34,0.10
5872.74,0.60,0.36,0.14
5872.75,0.60,0.37,0.17
5872.76,0.60,0.37,0.20
5872.77,0.60,0.37,0.23
5872.78,0.60,0.36,0.26
5872.79,0.60,0.34,0.28
5872.80,0.60,0.31,0.30
5872.81,0.60,0.28,0.32
5872.82,0.60,0.26,0.33
5872.83,0.60,0.24,0.34
5872.84,0.60,0.21,0.34
5872.85,0.60,0.18,0.34
5872.86,0.60,0.15,0.33
5872.87,0.60,0.11,0.31
5872.88,0.60,0.08,0.29
5872.89,0.60,0.05,0.26
5872.90,0.60,0.01,0.23
5872.91,0.60,-0.03,0.15
5872.92,0.60,-0.06,0.12
5872.93,0.60,-0.11,0.12
5872.94,0.60,-0.15,0.08
5872.95,0.60,-0.19,0.04
5872.96,0.60,-0.22,0.00
5872.97,0.60,-0.24,-0.03
5872.98,0.60,-0.25,-0.06
5872.99,0.60,-0.27,-0.09
5873.00,0.60,-0.28,-0.11
5873.01,0.60,-0.28,-0.14
5873.02,0.60,-0.28,-0.16
5873.03,0.60,-0.28,-0.18
5873.04,0.60,-0.26,-0.20
5873.05,0.60,-0.25,-0.22
5873.06,0.60,-0.24,-0.23
5873.07,0.60,-0.21,-0.24
5873.08,0.60,-0.20,-0.24
5873.09,0.60,-0.17,-0.24
5873.10,0.60,-0.14,-0.24
5873.11,0.60,-0.11,-0.23
5873.12,0.60,-0.08,-0.22
5873.13,0.60,-0.04,-0.20
5873.14,0.60,0.00,-0.18
5873.15,0.60,0.04,-0.16
5873.16,0.60,0.09,-0.13
5873.17,0.60,0.13,-0.10
5873.18,0.60,0.18,-0.07
5873.19,0.60,0.22,-0.03
5873.20,0.60,0.26,0.00
5873.21,0.60,0.29,0.04
5873.22,0.60,0.32,0.07
5873.23,0.60,0.35,0.11
5873.24,0.60,0.36,0.14
5873.25,0.60,0.37,0.18
5873.26,0.60,0.38,0.20
5873.27,0.60,0.38,0.23
5873.28,0.60,0.37,0.26
5873.29,0.60,0.34,0.28
5873.30,0.60,0.31,0.30
5873.31,0.60,0.29,0.32
5873.32,0.60,0.26,0.33
5873.33,0.60,0.24,0.33
5873.34,0.60,0.21,0.34
5873.35,0.60,0.18,0.33
5873.36,0.60,0.15,0.32
5873.37,0.60,0.11,0.31
5873.38,0.60,0.08,0.28
5873.39,0.60,0.04,0.26
5873.40,0.60,0.01,0.22
5873.41,0.60,-0.03,0.14
5873.42,0.60,-0.07,0.14
5873.43,0.60,-0.11,0.11
5873.44,0.60,-0.15,0.07
5873.45,0.60,-0.19,0.04
5873.46,0.60,-0.23,0.00
5873.47,0.60,-0.24,-0.04
5873.48,0.60,-0.25,-0.07
5873.49,0.60,-0.27,-0.09
5873.50,0.60,-0.28,-0.12
5873.51,0.60,-0.28,-0.14
5873.52,0.60,-0.28,-0.16
5873.53,0.60,-0.27,-0.19
5873.54,0.60,-0.27,-0.21
5873.55,0.60,-0.25,-0.22
5873.56,0.60,-0.23,-0.24
5873.57,0.60,-0.21,-0.24
5873.58,0.60,-0.19,-0.25
5873.59,0.60,-0.16,-0.25
5873.60,0.60,-0.14,-0.24
5873.61,0.60,-0.11,-0.23
5873.62,0.60,-0.07,-0.22
5873.63,0.60,-0.03,-0.20
5873.64,0.60,0.01,-0.18
5873.65,0.60,0.05,-0.15
5873.66,0.60,0.09,-0.13
5873.67,0.60,0.14,-0.10
5873.68,0.60,0.18,-0.06
5873.69,0.60,0.22,-0.03
5873.70,0.60,0.27,0.00
5873.71,0.60,0.30,0.04
5873.72,0.60,0.33,0.07
5873.73,0.60,0.35,0.11
5873.74,0.60,0.37,0.14
5873.75,0.60,0.38,0.18
5873.76,0.60,0.38,0.21
5873.77,0.60,0.38,0.23
5873.78,0.60,0.37,0.26
5873.79,0.60,0.33,0.28
5873.80,0.60,0.31,0.30
5873.81,0.60,0.29,0.32
5873.82,0.60,0.26,0.33
5873.83,0.60,0.24,0.33
5873.84,0.60,0.21,0.34
5873.85,0.60,0.18,0.33
5873.86,0.60,0.14,0.32
5873.87,0.60,0.11,0.31
5873.88,0.60,0.08,0.28
5873.89,0.60,0.04,0.26
5873.90,0.60,0.00,0.23
5873.91,0.60,-0.02,0.14
5873.92,0.60,-0.05,0.15
5873.93,0.60,-0.10,0.11
5873.94,0.60,-0.15,0.07
5873.95,0.60,-0.19,0.03
5873.96,0.60,-0.23,0.00
5873.97,0.60,-0.23,-0.04
5873.98,0.60,-0.25,-0.07
5873.99,0.60,-0.27,-0.10
5874.00,0.60,-0.28,-0.12
5874.01,0.60,-0.28,-0.15
5874.02,0.60,-0.28,-0.17
5874.03,0.60,-0.27,-0.19
5874.04,0.60,-0.26,-0.21
5874.05,0.60,-0.25,-0.23
5874.06,0.60,-0.23,-0.24
5874.07,0.60,-0.21,-0.25
5874.08,0.60,-0.19,-0.25
5874.09,0.60,-0.16,-0.25
5874.10,0.60,-0.13,-0.24
5874.11,0.60,-0.10,-0.23
5874.12,0.60,-0.07,-0.22
5874.13,0.60,-0.03,-0.20
5874.14,0.60,0.01,-0.18
5874.15,0.60,0.05,-0.16
5874.16,0.60,0.09,-0.13
5874.17,0.60,0.14,-0.10
5874.18,0.60,0.18,-0.07
5874.19,0.60,0.23,-0.03
5874.20,0.60,0.27,0.01
5874.21,0.60,0.30,0.04
5874.22,0.60,0.33,0.07
5874.23,0.60,0.35,0.11
5874.24,0.60,0.37,0.14
5874.25,0.60,0.38,0.18
5874.26,0.60,0.38,0.21
5874.27,0.60,0.38,0.23
5874.28,0.60,0.37,0.26
5874.29,0.60,0.34,0.28
5874.30,0.60,0.31,0.30
5874.31,0.60,0.29,0.31
5874.32,0.60,0.26,0.32
5874.33,0.60,0.24,0.33
5874.34,0.60,0.21,0.34
5874.35,0.60,0.17,0.33
5874.36,0.60,0.14,0.32
5874.37,0.60,0.11,0.31
5874.38,0.60,0.08,0.28
5874.39,0.60,0.04,0.25
5874.40,0.60,0.00,0.21
5874.41,0.60,-0.04,0.15
5874.42,0.60,-0.08,0.15
5874.43,0.60,-0.12,0.11
5874.44,0.60,-0.16,0.07
5874.45,0.60,-0.20,0.03
5874.46,0.60,-0.23,0.00
5874.47,0.60,-0.24,-0.04
5874.48,0.60,-0.25,-0.07
5874.49,0.60,-0.27,-0.09
5874.50,0.60,-0.28,-0.12
5874.51,0.60,-0.29,-0.15
5874.52,0.60,-0.28,-0.17
5874.53,0.60,-0.27,-0.19
5874.54,0.60,-0.26,-0.21
5874.55,0.60,-0.25,-0.23
5874.56,0.60,-0.23,-0.24
5874.57,0.60,-0.21,-0.24
5874.58,0.60,-0.18,-0.25
5874.59,0.60,-0.16,-0.25
5874.60,0.60,-0.13,-0.24
5874.61,0.59,-0.10,-0.23
5874.62,0.60,-0.07,-0.22
5874.63,0.60,-0.03,-0.20
5874.64,0.60,0.01,-0.18
5874.65,0.60,0.05,-0.16
5874.66,0.60,0.10,-0.13
5874.67,0.60,0.14,-0.10
5874.68,0.60,0.19,-0.07
5874.69,0.60,0.23,-0.03
5874.70,0.60,0.27,0.00
5874.71,0.60,0.30,0.04
5874.72,0.60,0.33,0.07
5874.73,0.60,0.35,0.11
5874.74,0.60,0.37,0.14
5874.75,0.60,0.38,0.17
5874.76,0.60,0.38,0.20
5874.77,0.60,0.37,0.23
5874.78,0.60,0.36,0.25
5874.79,0.60,0.32,0.28
5874.80,0.60,0.30,0.29
5874.81,0.60,0.28,0.31
5874.82,0.60,0.26,0.32
5874.83,0.60,0.23,0.33
5874.84,0.60,0.20,0.34
5874.85,0.60,0.17,0.33
5874.86,0.60,0.14,0.32
5874.87,0.60,0.11,0.30
5874.88,0.60,0.07,0.28
5874.89,0.60,0.03,0.25
5874.90,0.60,0.00,0.21
5874.91,0.60,-0.04,0.14
5874.92,0.60,-0.08,0.14
5874.93,0.60,-0.12,0.11
5874.94,0.60,-0.16,0.07
5874.95,0.60,-0.20,0.03
5874.96,0.60,-0.23,0.00
5874.97,0.60,-0.23,-0.04
5874.98,0.60,-0.25,-0.07
5874.99,0.60,-0.27,-0.10
5875.00,0.60,-0.28,-0.12
5875.01,0.60,-0.28,-0.15
5875.02,0.60,-0.28,-0.17
5875.03,0.60,-0.27,-0.19
5875.04,0.60,-0.26,-0.21
5875.05,0.60,-0.24,-0.22
5875.06,0.60,-0.23,-0.24
5875.07,0.60,-0.21,-0.24
5875.08,0.60,-0.18,-0.25
5875.09,0.60,-0.16,-0.25
5875.10,0.60,-0.13,-0.24
5875.11,0.60,-0.10,-0.23
5875.12,0.60,-0.06,-0.23
5875.13,0.60,-0.03,-0.21
5875.14,0.60,0.01,-0.18
5875.15,0.60,0.05,-0.16
5875.16,0.60,0.10,-0.13
5875.17,0.60,0.14,-0.10
5875.18,0.60,0.19,-0.07
5875.19,0.60,0.23,-0.04
5875.20,0.60,0.27,0.00
5875.21,0.60,0.30,0.04
5875.22,0.60,0.33,0.07
5875.23,0.60,0.35,0.11
5875.24,0.60,0.37,0.14
5875.25,0.60,0.37,0.17
5875.26,0.60,0.38,0.20
5875.27,0.60,0.37,0.23
5875.28,0.60,0.36,0.25
5875.29,0.60,0.32,0.28
5875.30,0.60,0.30,0.30
5875.31,0.60,0.28,0.32
5875.32,0.60,0.25,0.32
5875.33,0.60,0.23,0.33
5875.34,0.60,0.20,0.34
5875.35,0.60,0.17,0.34
5875.36,0.60,0.13,0.32
5875.37,0.60,0.10,0.30
5875.38,0.60,0.07,0.28
5875.39,0.60,0.03,0.25
5875.40,0.60,-0.01,0.22
5875.41,0.60,-0.04,0.14
5875.42,0.60,-0.08,0.14
5875.43,0.60,-0.12,0.11
5875.44,0.60,-0.16,0.07
5875.45,0.60,-0.20,0.03
5875.46,0.60,-0.23,-0.01
5875.47,0.60,-0.24,-0.04
5875.48,0.60,-0.25,-0.07
5875.49,0.60,-0.27,-0.10
5875.50,0.60,-0.28,-0.12
5875.51,0.60,-0.28,-0.15
5875.52,0.60,-0.28,-0.17
5875.53,0.60,-0.27,-0.19
5875.54,0.60,-0.26,-0.21
5875.55,0.60,-0.24,-0.23
5875.56,0.60,-0.22,-0.24
5875.57,0.60,-0.20,-0.25
5875.58,0.60,-0.18,-0.25
5875.59,0.60,-0.16,-0.25
5875.60,0.60,-0.13,-0.25
5875.61,0.60,-0.10,-0.23
5875.62,0.60,-0.07,-0.23
5875.63,0.60,-0.03,-0.20
5875.64,0.60,0.01,-0.19
5875.65,0.60,0.05,-0.16
5875.66,0.60,0.10,-0.13
5875.67,0.60,0.14,-0.10
5875.68,0.60,0.19,-0.07
5875.69,0.60,0.23,-0.04
5875.70,0.60,0.27,0.00
5875.71,0.60,0.30,0.04
5875.72,0.60,0.33,0.07
5875.73,0.60,0.35,0.11
5875.74,0.60,0.37,0.14
5875.75,0.60,0.37,0.17
5875.76,0.60,0.38,0.21
5875.77,0.60,0.37,0.23
5875.78,0.60,0.36,0.26
5875.79,0.60,0.32,0.28
5875.80,0.60,0.30,0.30
5875.81,0.60,0.28,0.32
5875.82,0.60,0.25,0.33
5875.83,0.60,0.22,0.34
5875.84,0.60,0.20,0.34
5875.85,0.60,0.17,0.33
5875.86,0.60,0.13,0.32
5875.87,0.60,0.10,0.31
5875.88,0.60,0.07,0.28
5875.89,0.60,0.03,0.25
5875.90,0.59,-0.01,0.20
5875.91,0.60,-0.04,0.14
5875.92,0.60,-0.08,0.14
5875.93,0.60,-0.12,0.11
5875.94,0.60,-0.16,0.07
5875.95,0.60,-0.20,0.03
5875.96,0.60,-0.23,-0.01
5875.97,0.60,-0.23,-0.04
5875.98,0.60,-0.25,-0.07
5875.99,0.60,-0.27,-0.10
5876.00,0.60,-0.28,-0.12
5876.01,0.60,-0.28,-0.15
5876.02,0.60,-0.28,-0.17
5876.03,0.60,-0.27,-0.19
5876.04,0.60,-0.26,-0.21
5876.05,0.60,-0.24,-0.23
5876.06,0.60,-0.23,-0.24
5876.07,0.60,-0.20,-0.24
5876.08,0.60,-0.19,-0.25
5876.09,0.60,-0.16,-0.25
5876.10,0.60,-0.13,-0.25
5876.11,0.60,-0.10,-0.23
5876.12,0.60,-0.07,-0.23
5876.13,0.60,-0.03,-0.21
5876.14,0.60,0.01,-0.19
5876.15,0.60,0.05,-0.16
5876.16,0.60,0.10,-0.13
5876.17,0.60,0.14,-0.10
5876.18,0.60,0.19,-0.07
5876.19,0.60,0.23,-0.04
5876.20,0.60,0.27,0.00
5876.21,0.60,0.30,0.04
5876.22,0.60,0.33,0.07
5876.23,0.60,0.35,0.11
5876.24,0.60,0.36,0.14
5876.25,0.60,0.37,0.17
5876.26,0.60,0.38,0.20
5876.27,0.60,0.37,0.23
5876.28,0.60,0.36,0.25
5876.29,0.60,0.32,0.27
5876.30,0.60,0.30,0.30
5876.31,0.60,0.28,0.31
5876.32,0.60,0.25,0.33
5876.33,0.60,0.23,0.33
5876.34,0.60,0.20,0.33
5876.35,0.60,0.17,0.33
5876.36,0.60,0.13,0.32
5876.37,0.60,0.10,0.30
5876.38,0.60,0.07,0.28
5876.39,0.60,0.03,0.25
5876.40,0.60,0.00,0.22
5876.41,0.60,-0.04,0.14
5876.42,0.60,-0.07,0.14
5876.43,0.60,-0.12,0.11
5876.44,0.60,-0.16,0.07
5876.45,0.60,-0.20,0.03
5876.46,0.60,-0.23,0.00
5876.47,0.60,-0.24,-0.04
5876.48,0.60,-0.25,-0.07
5876.49,0.60,-0.27,-0.10
5876.50,0.60,-0.28,-0.12
5876.51,0.60,-0.28,-0.15
5876.52,0.60,-0.28,-0.17
5876.53,0.60,-0.27,-0.19
5876.54,0.60,-0.26,-0.21
5876.55,0.60,-0.25,-0.22
5876.56,0.60,-0.23,-0.24
5876.57,0.60,-0.21,-0.24
5876.58,0.60,-0.19,-0.25
5876.59,0.60,-0.16,-0.25
5876.60,0.60,-0.13,-0.24
5876.61,0.60,-0.10,-0.23
5876.62,0.60,-0.07,-0.23
5876.63,0.60,-0.03,-0.21
5876.64,0.60,0.01,-0.18
5876.65,0.60,0.05,-0.16
5876.66,0.60,0.09,-0.13
5876.67,0.60,0.14,-0.10
5876.68,0.60,0.19,-0.07
5876.69,0.60,0.23,-0.03
5876.70,0.60,0.27,0.00
5876.71,0.60,0.30,0.03
5876.72,0.60,0.33,0.07
5876.73,0.60,0.35,0.11
5876.74,0.60,0.36,0.14
5876.75,0.60,0.38,0.17
5876.76,0.60,0.38,0.20
5876.77,0.60,0.37,0.23
5876.78,0.60,0.36,0.25
5876.79,0.60,0.32,0.27
5876.80,0.60,0.30,0.29
5876.81,0.60,0.28,0.31
5876.82,0.60,0.26,0.32
5876.83,0.60,0.23,0.33
5876.84,0.60,0.20,0.33
5876.85,0.60,0.17,0.33
5876.86,0.60,0.14,0.32
5876.87,0.60,0.10,0.30
5876.88,0.60,0.07,0.28
5876.89,0.60,0.03,0.25
5876.90,0.60,0.00,0.22
5876.91,0.60,-0.05,0.14
5876.92,0.60,-0.08,0.15
5876.93,0.60,-0.12,0.11
5876.94,0.60,-0.16,0.07
5876.95,0.60,-0.20,0.03
5876.96,0.60,-0.23,0.00
5876.97,0.60,-0.24,-0.04
5876.98,0.60,-0.25,-0.07
5876.99,0.60,-0.27,-0.10
5877.00,0.60,-0.28,-0.12
5877.01,0.60,-0.28,-0.14
5877.02,0.60,-0.28,-0.17
5877.03,0.60,-0.28,-0.19
5877.04,0.60,-0.27,-0.21
5877.05,0.60,-0.25,-0.22
5877.06,0.60,-0.23,-0.24
5877.07,0.60,-0.21,-0.25
5877.08,0.60,-0.19,-0.25
5877.09,0.60,-0.16,-0.25
5877.10,0.60,-0.13,-0.25
5877.11,0.60,-0.10,-0.23
5877.12,0.60,-0.06,-0.22
5877.13,0.60,-0.03,-0.21
5877.14,0.60,0.01,-0.18
5877.15,0.60,0.05,-0.16
5877.16,0.60,0.10,-0.13
5877.17,0.60,0.14,-0.10
5877.18,0.60,0.19,-0.07
5877.19,0.60,0.23,-0.03
5877.20,0.60,0.27,0.00
5877.21,0.60,0.30,0.03
5877.22,0.60,0.33,0.07
5877.23,0.60,0.35,0.10
5877.24,0.60,0.37,0.14
5877.25,0.60,0.37,0.17
5877.26,0.60,0.38,0.20
5877.27,0.60,0.37,0.23
5877.28,0.60,0.36,0.25
5877.29,0.60,0.32,0.27
5877.30,0.60,0.30,0.29
5877.31,0.60,0.28,0.31
5877.32,0.60,0.26,0.32
5877.33,0.60,0.23,0.33
5877.34,0.60,0.20,0.33
5877.35,0.60,0.17,0.33
5877.36,0.60,0.14,0.32
5877.37,0.60,0.11,0.30
5877.38,0.60,0.07,0.28
5877.39,0.60,0.03,0.25
5877.40,0.60,0.00,0.22
5877.41,0.60,-0.04,0.14
5877.42,0.60,-0.08,0.13
5877.43,0.60,-0.12,0.11
5877.44,0.60,-0.16,0.07
5877.45,0.60,-0.20,0.03
5877.46,0.60,-0.23,0.00
5877.47,0.60,-0.23,-0.03
5877.48,0.60,-0.25,-0.07
5877.49,0.60,-0.27,-0.09
5877.50,0.60,-0.28,-0.12
5877.51,0.60,-0.28,-0.14
5877.52,0.60,-0.28,-0.17
5877.53,0.60,-0.27,-0.19
5877.54,0.60,-0.26,-0.21
5877.55,0.60,-0.25,-0.23
5877.56,0.60,-0.23,-0.24
5877.57,0.60,-0.21,-0.25
5877.58,0.60,-0.18,-0.25
5877.59,0.60,-0.16,-0.25
5877.60,0.60,-0.13,-0.25
5877.61,0.60,-0.10,-0.24
5877.62,0.60,-0.06,-0.23
5877.63,0.60,-0.03,-0.21
5877.64,0.60,0.01,-0.19
5877.65,0.60,0.06,-0.16
5877.66,0.60,0.10,-0.13
5877.67,0.60,0.15,-0.10
5877.68,0.60,0.19,-0.07
5877.69,0.60,0.23,-0.04
5877.70,0.60,0.27,0.00
5877.71,0.60,0.30,0.03
5877.72,0.60,0.33,0.07
5877.73,0.60,0.35,0.10
5877.74,0.60,0.37,0.14
5877.75,0.60,0.37,0.17
5877.76,0.60,0.38,0.20
5877.77,0.60,0.37,0.23
5877.78,0.60,0.36,0.25
5877.79,0.60,0.32,0.28
5877.80,0.60,0.30,0.29
5877.81,0.60,0.28,0.31
5877.82,0.60,0.26,0.32
5877.83,0.60,0.23,0.33
5877.84,0.60,0.20,0.34
5877.85,0.60,0.17,0.33
5877.86,0.60,0.14,0.32
5877.87,0.60,0.10,0.31
5877.88,0.60,0.07,0.28
5877.89,0.60,0.03,0.25
5877.90,0.60,0.00,0.22
5877.91,0.60,-0.04,0.16
5877.92,0.60,-0.07,0.15
5877.93,0.60,-0.12,0.11
5877.94,0.60,-0.16,0.07
5877.95,0.60,-0.19,0.03
5877.96,0.60,-0.23,0.00
5877.97,0.60,-0.24,-0.04
5877.98,0.60,-0.25,-0.07
5877.99,0.60,-0.27,-0.09
5878.00,0.60,-0.28,-0.12
5878.01,0.60,-0.28,-0.15
5878.02,0.60,-0.28,-0.17
5878.03,0.60,-0.27,-0.19
5878.04,0.60,-0.26,-0.21
5878.05,0.60,-0.24,-0.23
5878.06,0.60,-0.22,-0.24
5878.07,0.60,-0.20,-0.25
5878.08,0.60,-0.18,-0.25
5878.09,0.60,-0.16,-0.25
5878.10,0.60,-0.13,-0.25
5878.11,0.60,-0.10,-0.24
5878.12,0.60,-0.06,-0.22
5878.13,0.60,-0.03,-0.21
5878.14,0.60,0.01,-0.19
5878.15,0.60,0.05,-0.16
5878.16,0.60,0.10,-0.13
5878.17,0.60,0.14,-0.10
5878.18,0.60,0.19,-0.07
5878.19,0.60,0.23,-0.04
5878.20,0.60,0.26,0.00
5878.21,0.60,0.30,0.03
5878.22,0.60,0.33,0.07
5878.23,0.60,0.35,0.10
5878.24,0.60,0.36,0.14
5878.25,0.60,0.38,0.17
5878.26,0.60,0.38,0.20
5878.27,0.60,0.38,0.23
5878.28,0.60,0.37,0.25
5878.29,0.60,0.32,0.27
5878.30,0.60,0.31,0.29
5878.31,0.60,0.28,0.31
5878.32,0.60,0.26,0.32
5878.33,0.60,0.23,0.33
5878.34,0.60,0.20,0.33
5878.35,0.60,0.17,0.33
5878.36,0.60,0.14,0.32
5878.37,0.60,0.10,0.31
5878.38,0.60,0.07,0.29
5878.39,0.60,0.04,0.26
5878.40,0.60,0.00,0.23
5878.41,0.60,-0.04,0.15
5878.42,0.60,-0.08,0.15
5878.43,0.60,-0.12,0.12
5878.44,0.60,-0.16,0.08
5878.45,0.60,-0.20,0.04
5878.46,0.60,-0.23,0.00
5878.47,0.60,-0.23,-0.03
5878.48,0.60,-0.25,-0.06
5878.49,0.60,-0.27,-0.09
5878.50,0.60,-0.28,-0.12
5878.51,0.60,-0.28,-0.14
5878.52,0.60,-0.28,-0.17
5878.53,0.60,-0.27,-0.19
5878.54,0.60,-0.26,-0.21
5878.55,0.60,-0.24,-0.22
5878.56,0.60,-0.23,-0.24
5878.57,0.60,-0.21,-0.25
5878.58,0.60,-0.18,-0.25
5878.59,0.60,-0.16,-0.25
5878.60,0.60,-0.13,-0.25
5878.61,0.60,-0.10,-0.24
5878.62,0.60,-0.07,-0.23
5878.63,0.60,-0.03,-0.21
5878.64,0.60,0.01,-0.19
5878.65,0.60,0.05,-0.16
5878.66,0.60,0.09,-0.13
5878.67,0.60,0.14,-0.10
5878.68,0.60,0.19,-0.07
5878.69,0.60,0.23,-0.04
5878.70,0.60,0.26,0.00
5878.71,0.60,0.30,0.03
5878.72,0.60,0.33,0.07
5878.73,0.60,0.35,0.10
5878.74,0.60,0.36,0.14
5878.75,0.60,0.37,0.17
5878.76,0.60,0.38,0.20
5878.77,0.60,0.37,0.23
5878.78,0.60,0.36,0.25
5878.79,0.60,0.32,0.27
5878.80,0.60,0.30,0.29
5878.81,0.59,0.29,0.31
5878.82,0.60,0.26,0.32
5878.83,0.60,0.23,0.33
5878.84,0.60,0.21,0.34
5878.85,0.60,0.17,0.33
5878.86,0.60,0.14,0.32
5878.87,0.60,0.11,0.31
5878.88,0.60,0.08,0.28
5878.89,0.60,0.04,0.26
5878.90,0.60,0.01,0.23
5878.91,0.60,-0.03,0.14
5878.92,0.60,-0.07,0.14
5878.93,0.60,-0.11,0.12
5878.94,0.60,-0.15,0.08
5878.95,0.60,-0.19,0.04
5878.96,0.60,-0.22,0.00
5878.97,0.60,-0.22,-0.03
5878.98,0.60,-0.25,-0.06
5878.99,0.60,-0.27,-0.09
5879.00,0.60,-0.28,-0.12
5879.01,0.60,-0.28,-0.14
5879.02,0.60,-0.28,-0.16
5879.03,0.60,-0.27,-0.19
5879.04,0.60,-0.26,-0.20
5879.05,0.60,-0.24,-0.22
5879.06,0.60,-0.23,-0.24
5879.07,0.60,-0.21,-0.24
5879.08,0.60,-0.18,-0.25
5879.09,0.60,-0.16,-0.25
5879.10,0.60,-0.13,-0.25
5879.11,0.60,-0.10,-0.24
5879.12,0.60,-0.07,-0.22
5879.13,0.60,-0.03,-0.21
5879.14,0.60,0.01,-0.19
5879.15,0.60,0.05,-0.16
5879.16,0.60,0.09,-0.14
5879.17,0.60,0.14,-0.10
5879.18,0.60,0.18,-0.07
5879.19,0.60,0.22,-0.04
5879.20,0.60,0.26,0.00
5879.21,0.60,0.30,0.03
5879.22,0.60,0.32,0.06
5879.23,0.60,0.34,0.10
5879.24,0.60,0.36,0.14
5879.25,0.60,0.37,0.17
5879.26,0.60,0.37,0.20
5879.27,0.60,0.37,0.23
5879.28,0.60,0.37,0.25
5879.29,0.60,0.33,0.27
5879.30,0.60,0.31,0.29
5879.31,0.60,0.28,0.31
5879.32,0.60,0.26,0.32
5879.33,0.60,0.23,0.33
5879.34,0.60,0.21,0.34
5879.35,0.60,0.18,0.34
5879.36,0.60,0.15,0.33
5879.37,0.60,0.11,0.31
5879.38,0.60,0.08,0.28
5879.39,0.60,0.04,0.26
5879.40,0.60,0.01,0.23
5879.41,0.60,-0.03,0.17
5879.42,0.60,-0.07,0.14
5879.43,0.60,-0.11,0.12
5879.44,0.60,-0.15,0.08
5879.45,0.60,-0.19,0.04
5879.46,0.60,-0.23,0.00
5879.47,0.60,-0.24,-0.03
5879.48,0.60,-0.25,-0.06
5879.49,0.60,-0.27,-0.09
5879.50,0.60,-0.28,-0.11
5879.51,0.60,-0.28,-0.14
5879.52,0.60,-0.28,-0.16
5879.53,0.60,-0.28,-0.18
5879.54,0.60,-0.27,-0.20
5879.55,0.60,-0.25,-0.22
5879.56,0.60,-0.24,-0.23
5879.57,0.60,-0.22,-0.24
5879.58,0.60,-0.19,-0.25
5879.59,0.60,-0.17,-0.25
5879.60,0.60,-0.14,-0.25
5879.61,0.60,-0.11,-0.23
5879.62,0.60,-0.07,-0.23
5879.63,0.60,-0.04,-0.21
5879.64,0.60,0.00,-0.19
5879.65,0.60,0.04,-0.16
5879.66,0.60,0.09,-0.14
5879.67,0.60,0.13,-0.11
5879.68,0.60,0.18,-0.08
5879.69,0.60,0.22,-0.04
5879.70,0.60,0.26,-0.01
5879.71,0.60,0.30,0.03
5879.72,0.60,0.32,0.06
5879.73,0.60,0.35,0.10
5879.74,0.60,0.36,0.13
5879.75,0.60,0.37,0.16
5879.76,0.60,0.37,0.20
5879.77,0.60,0.37,0.22
5879.78,0.60,0.36,0.25
5879.79,0.60,0.33,0.27
5879.80,0.60,0.30,0.29
5879.81,0.60,0.28,0.31
5879.82,0.60,0.26,0.32
5879.83,0.60,0.23,0.33
5879.84,0.60,0.21,0.33
5879.85,0.60,0.17,0.33
5879.86,0.60,0.14,0.32
5879.87,0.60,0.11,0.31
5879.88,0.60,0.08,0.29
5879.89,0.60,0.04,0.26
5879.90,0.60,0.00,0.23
5879.91,0.60,-0.02,0.18
5879.92,0.60,-0.07,0.15
5879.93,0.60,-0.12,0.12
5879.94,0.60,-0.15,0.08
5879.95,0.60,-0.19,0.05
5879.96,0.60,-0.23,0.01
5879.97,0.60,-0.24,-0.03
5879.98,0.60,-0.25,-0.06
5879.99,0.60,-0.27,-0.08
5880.00,0.60,-0.28,-0.11
5880.01,0.60,-0.28,-0.13
5880.02,0.60,-0.28,-0.16
5880.03,0.60,-0.28,-0.18
5880.04,0.60,-0.27,-0.20
5880.05,0.60,-0.25,-0.22
5880.06,0.60,-0.23,-0.23
5880.07,0.60,-0.22,-0.24
5880.08,0.60,-0.19,-0.24
5880.09,0.60,-0.17,-0.25
5880.10,0.60,-0.14,-0.24
5880.11,0.60,-0.11,-0.24
5880.12,0.60,-0.08,-0.23
5880.13,0.60,-0.04,-0.20
5880.14,0.60,0.00,-0.19
5880.15,0.60,0.04,-0.16
5880.16,0.61,0.08,-0.13
5880.17,0.60,0.13,-0.10
5880.18,0.60,0.17,-0.07
5880.19,0.60,0.22,-0.04
5880.20,0.60,0.25,-0.01
5880.21,0.60,0.29,0.03
5880.22,0.60,0.32,0.06
5880.23,0.60,0.34,0.10
5880.24,0.60,0.36,0.13
5880.25,0.60,0.36,0.16
5880.26,0.60,0.37,0.19
5880.27,0.60,0.37,0.22
5880.28,0.60,0.36,0.25
5880.29,0.60,0.33,0.27
5880.30,0.60,0.30,0.29
5880.31,0.60,0.28,0.31
5880.32,0.60,0.26,0.32
5880.33,0.60,0.23,0.33
5880.34,0.60,0.21,0.33
5880.35,0.60,0.17,0.34
5880.36,0.60,0.14,0.33
5880.37,0.60,0.11,0.31
5880.38,0.60,0.08,0.29
5880.39,0.60,0.04,0.27
5880.40,0.60,0.00,0.23
5880.41,0.60,-0.03,0.19
5880.42,0.60,-0.08,0.15
5880.43,0.60,-0.11,0.13
5880.44,0.60,-0.15,0.09
5880.45,0.60,-0.19,0.05
5880.46,0.60,-0.23,0.01
5880.47,0.60,-0.23,-0.03
5880.48,0.60,-0.25,-0.06
5880.49,0.60,-0.27,-0.08
5880.50,0.60,-0.28,-0.11
5880.51,0.60,-0.29,-0.14
5880.52,0.60,-0.29,-0.16
5880.53,0.60,-0.28,-0.18
5880.54,0.60,-0.27,-0.20
5880.55,0.60,-0.26,-0.22
5880.56,0.60,-0.24,-0.23
5880.57,0.60,-0.22,-0.24
5880.58,0.60,-0.20,-0.24
5880.59,0.60,-0.17,-0.25
5880.60,0.60,-0.14,-0.25
5880.61,0.60,-0.11,-0.24
5880.62,0.60,-0.08,-0.23
5880.63,0.60,-0.04,-0.21
5880.64,0.60,-0.01,-0.19
5880.65,0.60,0.04,-0.16
5880.66,0.60,0.08,-0.14
5880.67,0.60,0.12,-0.11
5880.68,0.60,0.17,-0.08
5880.69,0.60,0.21,-0.04
5880.70,0.60,0.25,-0.01
5880.71,0.60,0.28,0.02
5880.72,0.60,0.31,0.06
5880.73,0.60,0.34,0.09
5880.74,0.60,0.35,0.13
5880.75,0.60,0.36,0.16
5880.76,0.60,0.37,0.19
5880.77,0.60,0.37,0.22
5880.78,0.60,0.36,0.25
5880.79,0.60,0.34,0.27
5880.80,0.60,0.30,0.29
5880.81,0.60,0.28,0.31
5880.82,0.60,0.26,0.32
5880.83,0.60,0.23,0.32
5880.84,0.60,0.21,0.34
5880.85,0.60,0.18,0.34
5880.86,0.60,0.14,0.33
5880.87,0.60,0.11,0.31
5880.88,0.60,0.08,0.29
5880.89,0.60,0.04,0.27
5880.90,0.60,0.01,0.24
5880.91,0.60,-0.03,0.17
5880.92,0.60,-0.07,0.11
5880.93,0.60,-0.11,0.12
5880.94,0.60,-0.15,0.09
5880.95,0.60,-0.19,0.04
5880.96,0.60,-0.22,0.01
5880.97,0.60,-0.24,-0.03
5880.98,0.60,-0.25,-0.06
5880.99,0.60,-0.27,-0.09
5881.00,0.60,-0.28,-0.11
5881.01,0.60,-0.29,-0.14
5881.02,0.60,-0.28,-0.16
5881.03,0.60,-0.28,-0.18
5881.04,0.60,-0.27,-0.20
5881.05,0.60,-0.26,-0.22
5881.06,0.60,-0.24,-0.23
5881.07,0.60,-0.22,-0.24
5881.08,0.60,-0.20,-0.25
5881.09,0.60,-0.17,-0.25
5881.10,0.60,-0.15,-0.25
5881.11,0.60,-0.12,-0.24
5881.12,0.60,-0.09,-0.23
5881.13,0.60,-0.05,-0.21
5881.14,0.60,-0.01,-0.19
5881.15,0.60,0.03,-0.17
5881.16,0.60,0.07,-0.14
5881.17,0.60,0.12,-0.11
5881.18,0.60,0.16,-0.08
5881.19,0.60,0.21,-0.05
5881.20,0.60,0.25,-0.01
5881.21,0.60,0.28,0.02
5881.22,0.60,0.31,0.06
5881.23,0.60,0.34,0.09
5881.24,0.60,0.36,0.12
5881.25,0.60,0.36,0.16
5881.26,0.60,0.37,0.19
5881.27,0.60,0.37,0.22
5881.28,0.60,0.37,0.24
5881.29,0.60,0.35,0.27
5881.30,0.60,0.31,0.29
5881.31,0.60,0.29,0.31
5881.32,0.60,0.26,0.32
5881.33,0.60,0.24,0.33
5881.34,0.60,0.21,0.34
5881.35,0.60,0.18,0.34
5881.36,0.60,0.15,0.33
5881.37,0.60,0.12,0.31
5881.38,0.60,0.10,0.29
5881.39,0.60,0.06,0.27
5881.40,0.60,0.03,0.23
5881.41,0.60,0.00,0.19
5881.42,0.60,-0.06,0.12
5881.43,0.60,-0.11,0.13
5881.44,0.60,-0.15,0.09
5881.45,0.60,-0.19,0.05
5881.46,0.60,-0.22,0.01
5881.47,0.60,-0.24,-0.02
5881.48,0.60,-0.25,-0.06
5881.49,0.60,-0.27,-0.09
5881.50,0.60,-0.28,-0.11
5881.51,0.60,-0.29,-0.14
5881.52,0.60,-0.28,-0.16
5881.53,0.60,-0.28,-0.18
5881.54,0.60,-0.27,-0.20
5881.55,0.60,-0.26,-0.22
5881.56,0.60,-0.24,-0.23
5881.57,0.60,-0.22,-0.24
5881.58,0.60,-0.20,-0.25
5881.59,0.60,-0.17,-0.25
5881.60,0.60,-0.15,-0.25
5881.61,0.60,-0.12,-0.24
5881.62,0.60,-0.08,-0.23
5881.63,0.60,-0.05,-0.22
5881.64,0.60,-0.01,-0.19
5881.65,0.60,0.03,-0.17
5881.66,0.60,0.08,-0.14
5881.67,0.60,0.12,-0.12
5881.68,0.60,0.17,-0.08
5881.69,0.60,0.21,-0.05
5881.70,0.60,0.25,-0.02
5881.71,0.60,0.29,0.02
5881.72,0.60,0.32,0.05
5881.73,0.60,0.34,0.09
5881.74,0.60,0.36,0.12
5881.75,0.60,0.37,0.16
5881.76,0.60,0.37,0.19
5881.77,0.60,0.37,0.22
5881.78,0.60,0.37,0.24
5881.79,0.60,0.34,0.27
5881.80,0.60,0.31,0.29
5881.81,0.60,0.29,0.31
5881.82,0.60,0.26,0.32
5881.83,0.60,0.24,0.33
5881.84,0.60,0.21,0.34
5881.85,0.60,0.18,0.34
5881.86,0.60,0.15,0.33
5881.87,0.60,0.12,0.31
5881.88,0.60,0.09,0.29
5881.89,0.60,0.07,0.27
5881.90,0.60,0.04,0.23
5881.91,0.60,0.00,0.20
5881.92,0.60,-0.05,0.15
5881.93,0.60,-0.11,0.12
5881.94,0.60,-0.15,0.08
5881.95,0.60,-0.19,0.04
5881.96,0.60,-0.22,0.01
5881.97,0.60,-0.24,-0.03
5881.98,0.60,-0.24,-0.06
5881.99,0.60,-0.27,-0.09
5882.00,0.60,-0.28,-0.11
5882.01,0.60,-0.28,-0.14
5882.02,0.60,-0.28,-0.16
5882.03,0.60,-0.28,-0.18
5882.04,0.60,-0.27,-0.20
5882.05,0.60,-0.26,-0.22
5882.06,0.60,-0.24,-0.23
5882.07,0.60,-0.22,-0.24
5882.08,0.60,-0.20,-0.24
5882.09,0.60,-0.17,-0.25
5882.10,0.60,-0.15,-0.25
5882.11,0.60,-0.12,-0.24
5882.12,0.60,-0.09,-0.22
5882.13,0.60,-0.05,-0.21
5882.14,0.60,-0.01,-0.19
5882.15,0.60,0.03,-0.17
5882.16,0.60,0.07,-0.14
5882.17,0.60,0.11,-0.11
5882.18,0.60,0.16,-0.08
5882.19,0.60,0.20,-0.05
5882.20,0.60,0.24,-0.01
5882.21,0.60,0.28,0.02
5882.22,0.60,0.31,0.06
5882.23,0.60,0.33,0.09
5882.24,0.60,0.35,0.12
5882.25,0.60,0.36,0.16
5882.26,0.60,0.37,0.19
5882.27,0.60,0.37,0.22
5882.28,0.60,0.36,0.24
5882.29,0.60,0.35,0.27
5882.30,0.60,0.31,0.29
5882.31,0.60,0.29,0.31
5882.32,0.60,0.27,0.32
5882.33,0.60,0.24,0.33
5882.34,0.60,0.21,0.34
5882.35,0.60,0.18,0.33
5882.36,0.60,0.15,0.33
5882.37,0.60,0.12,0.31
5882.38,0.60,0.09,0.29
5882.39,0.60,0.06,0.27
5882.40,0.60,0.03,0.24
5882.41,0.60,0.01,0.19
5882.42,0.60,-0.06,0.12
5882.43,0.60,-0.10,0.11
5882.44,0.60,-0.14,0.09
5882.45,0.60,-0.18,0.05
5882.46,0.60,-0.21,0.01
5882.47,0.60,-0.24,-0.02
5882.48,0.60,-0.24,-0.06
5882.49,0.60,-0.27,-0.09
5882.50,0.60,-0.28,-0.11
5882.51,0.60,-0.28,-0.14
5882.52,0.60,-0.29,-0.16
5882.53,0.60,-0.28,-0.18
5882.54,0.60,-0.28,-0.20
5882.55,0.60,-0.26,-0.22
5882.56,0.60,-0.24,-0.23
5882.57,0.60,-0.22,-0.24
5882.58,0.60,-0.21,-0.24
5882.59,0.60,-0.18,-0.25
5882.60,0.60,-0.15,-0.25
5882.61,0.60,-0.12,-0.24
5882.62,0.60,-0.09,-0.22
5882.63,0.60,-0.05,-0.21
5882.64,0.60,-0.02,-0.19
5882.65,0.60,0.02,-0.16
5882.66,0.60,0.07,-0.14
5882.67,0.60,0.11,-0.11
5882.68,0.60,0.16,-0.08
5882.69,0.60,0.20,-0.04
5882.70,0.60,0.25,-0.01
5882.71,0.60,0.28,0.03
5882.72,0.60,0.31,0.06
5882.73,0.60,0.33,0.10
5882.74,0.60,0.35,0.13
5882.75,0.60,0.37,0.16
5882.76,0.60,0.37,0.19
5882.77,0.60,0.37,0.22
5882.78,0.60,0.36,0.25
5882.79,0.60,0.35,0.27
5882.80,0.60,0.31,0.29
5882.81,0.60,0.29,0.31
5882.82,0.60,0.27,0.32
5882.83,0.60,0.24,0.33
5882.84,0.60,0.22,0.34
5882.85,0.60,0.19,0.34
5882.86,0.60,0.15,0.33
5882.87,0.60,0.12,0.31
5882.88,0.60,0.09,0.29
5882.89,0.60,0.05,0.27
5882.90,0.60,0.02,0.24
5882.91,0.60,-0.02,0.16
5882.92,0.60,-0.06,0.12
5882.93,0.60,-0.10,0.09
5882.94,0.60,-0.14,0.05
5882.95,0.60,-0.18,0.04
5882.96,0.60,-0.21,0.00
5882.97,0.60,-0.23,-0.03
5882.98,0.60,-0.24,-0.06
5882.99,0.60,-0.26,-0.09
5883.00,0.60,-0.27,-0.11
5883.01,0.60,-0.28,-0.13
5883.02,0.60,-0.28,-0.16
5883.03,0.60,-0.28,-0.18
5883.04,0.60,-0.27,-0.20
5883.05,0.60,-0.26,-0.22
5883.06,0.60,-0.24,-0.23
5883.07,0.60,-0.22,-0.24
5883.08,0.60,-0.20,-0.24
5883.09,0.60,-0.18,-0.24
5883.10,0.60,-0.15,-0.24
5883.11,0.60,-0.12,-0.23
5883.12,0.60,-0.09,-0.22
5883.13,0.60,-0.06,-0.21
5883.14,0.60,-0.02,-0.19
5883.15,0.60,0.02,-0.16
5883.16,0.60,0.06,-0.13
5883.17,0.60,0.11,-0.10
5883.18,0.60,0.16,-0.07
5883.19,0.60,0.20,-0.04
5883.20,0.60,0.24,0.00
5883.21,0.60,0.28,0.03
5883.22,0.60,0.31,0.06
5883.23,0.60,0.33,0.10
5883.24,0.60,0.35,0.13
5883.25,0.60,0.36,0.17
5883.26,0.60,0.37,0.20
5883.27,0.60,0.37,0.22
5883.28,0.60,0.37,0.25
5883.29,0.60,0.35,0.27
5883.30,0.60,0.31,0.29
5883.31,0.60,0.29,0.31
5883.32,0.60,0.27,0.33
5883.33,0.60,0.25,0.33
5883.34,0.60,0.22,0.34
5883.35,0.60,0.19,0.34
5883.36,0.60,0.16,0.33
5883.37,0.60,0.13,0.32
5883.38,0.60,0.10,0.29
5883.39,0.60,0.07,0.27
5883.40,0.60,0.05,0.24
5883.41,0.60,0.01,0.16
5883.42,0.60,-0.02,0.13
5883.43,0.60,-0.09,0.07
5883.44,0.60,-0.14,0.07
5883.45,0.60,-0.18,0.04
5883.46,0.60,-0.21,0.01
5883.47,0.60,-0.24,-0.02
5883.48,0.60,-0.24,-0.06
5883.49,0.60,-0.26,-0.08
5883.50,0.60,-0.28,-0.11
5883.51,0.60,-0.28,-0.13
5883.52,0.60,-0.28,-0.16
5883.53,0.60,-0.28,-0.18
5883.54,0.60,-0.27,-0.20
5883.55,0.60,-0.26,-0.21
5883.56,0.60,-0.24,-0.23
5883.57,0.60,-0.23,-0.24
5883.58,0.60,-0.20,-0.24
5883.59,0.60,-0.18,-0.24
5883.60,0.60,-0.15,-0.24
5883.61,0.60,-0.12,-0.23
5883.62,0.60,-0.09,-0.21
5883.63,0.60,-0.05,-0.21
5883.64,0.60,-0.02,-0.19
5883.65,0.60,0.02,-0.16
5883.66,0.60,0.06,-0.13
5883.67,0.60,0.11,-0.11
5883.68,0.60,0.16,-0.07
5883.69,0.60,0.20,-0.04
5883.70,0.60,0.24,-0.01
5883.71,0.60,0.28,0.03
5883.72,0.60,0.31,0.07
5883.73,0.60,0.34,0.10
5883.74,0.60,0.36,0.13
5883.75,0.60,0.37,0.17
5883.76,0.60,0.38,0.20
5883.77,0.60,0.38,0.23
5883.78,0.60,0.37,0.25
5883.79,0.60,0.35,0.28
5883.80,0.60,0.32,0.30
5883.81,0.60,0.30,0.32
5883.82,0.60,0.27,0.33
5883.83,0.60,0.25,0.34
5883.84,0.60,0.22,0.34
5883.85,0.60,0.19,0.34
5883.86,0.60,0.16,0.33
5883.87,0.60,0.13,0.32
5883.88,0.60,0.09,0.29
5883.89,0.60,0.05,0.27
5883.90,0.60,0.02,0.24
5883.91,0.60,-0.02,0.16
5883.92,0.60,-0.05,0.14
5883.93,0.60,-0.10,0.12
5883.94,0.60,-0.14,0.07
5883.95,0.60,-0.18,0.04
5883.96,0.60,-0.21,0.01
5883.97,0.60,-0.23,-0.03
5883.98,0.60,-0.24,-0.06
5883.99,0.60,-0.26,-0.09
5884.00,0.60,-0.28,-0.11
5884.01,0.60,-0.28,-0.14
5884.02,0.60,-0.28,-0.16
5884.03,0.60,-0.28,-0.18
5884.04,0.60,-0.27,-0.20
5884.05,0.60,-0.26,-0.22
5884.06,0.60,-0.24,-0.23
5884.07,0.60,-0.22,-0.24
5884.08,0.60,-0.20,-0.24
5884.09,0.60,-0.17,-0.24
5884.10,0.60,-0.15,-0.24
5884.11,0.60,-0.12,-0.23
5884.12,0.60,-0.09,-0.22
5884.13,0.60,-0.05,-0.20
5884.14,0.60,-0.01,-0.19
5884.15,0.60,0.03,-0.16
5884.16,0.60,0.07,-0.13
5884.17,0.60,0.12,-0.10
5884.18,0.60,0.16,-0.07
5884.19,0.60,0.21,-0.04
5884.20,0.60,0.25,0.00
5884.21,0.60,0.28,0.03
5884.22,0.60,0.31,0.07
5884.23,0.60,0.34,0.10
5884.24,0.60,0.36,0.14
5884.25,0.60,0.37,0.17
5884.26,0.60,0.38,0.20
5884.27,0.60,0.37,0.23
5884.28,0.60,0.37,0.26
5884.29,0.60,0.36,0.28
5884.30,0.60,0.32,0.30
5884.31,0.60,0.29,0.31
5884.32,0.60,0.27,0.33
5884.33,0.60,0.25,0.34
5884.34,0.60,0.22,0.34
5884.35,0.60,0.19,0.34
5884.36,0.60,0.16,0.33
5884.37,0.60,0.13,0.31
5884.38,0.60,0.11,0.29
5884.39,0.60,0.07,0.27
5884.40,0.60,0.04,0.24
5884.41,0.60,0.02,0.16
5884.42,0.60,-0.04,0.13
5884.43,0.60,-0.08,0.11
5884.44,0.60,-0.13,0.08
5884.45,0.60,-0.17,0.04
5884.46,0.60,-0.21,0.00
5884.47,0.60,-0.23,-0.03
5884.48,0.60,-0.24,-0.06
5884.49,0.60,-0.26,-0.09
5884.50,0.60,-0.27,-0.11
5884.51,0.60,-0.28,-0.14
5884.52,0.60,-0.28,-0.16
5884.53,0.60,-0.27,-0.18
5884.54,0.60,-0.27,-0.20
5884.55,0.60,-0.25,-0.22
5884.56,0.60,-0.24,-0.23
5884.57,0.60,-0.22,-0.24
5884.58,0.60,-0.20,-0.24
5884.59,0.60,-0.17,-0.25
5884.60,0.60,-0.15,-0.24
5884.61,0.60,-0.12,-0.23
5884.62,0.60,-0.09,-0.22
5884.63,0.60,-0.05,-0.20
5884.64,0.60,-0.02,-0.19
5884.65,0.60,0.03,-0.16
5884.66,0.60,0.07,-0.13
5884.67,0.60,0.11,-0.10
5884.68,0.60,0.16,-0.07
5884.69,0.60,0.20,-0.03
5884.70,0.60,0.24,0.00
5884.71,0.60,0.28,0.03
5884.72,0.60,0.31,0.07
5884.73,0.60,0.34,0.10
5884.74,0.60,0.36,0.14
5884.75,0.60,0.37,0.17
5884.76,0.60,0.38,0.20
5884.77,0.60,0.38,0.23
5884.78,0.60,0.37,0.25
5884.79,0.60,0.35,0.28
5884.80,0.60,0.32,0.30
5884.81,0.60,0.30,0.31
5884.82,0.60,0.28,0.33
5884.83,0.60,0.25,0.33
5884.84,0.60,0.22,0.34
5884.85,0.60,0.19,0.34
5884.86,0.60,0.16,0.33
5884.87,0.60,0.14,0.31
5884.88,0.60,0.10,0.29
5884.89,0.60,0.09,0.26
5884.90,0.60,0.04,0.23
5884.91,0.60,0.01,0.15
5884.92,0.60,-0.04,0.11
5884.93,0.60,-0.08,0.12
5884.94,0.60,-0.13,0.08
5884.95,0.60,-0.17,0.04
5884.96,0.60,-0.21,0.00
5884.97,0.60,-0.22,-0.03
5884.98,0.60,-0.24,-0.07
5884.99,0.60,-0.25,-0.09
5885.00,0.60,-0.27,-0.12
5885.01,0.60,-0.28,-0.14
5885.02,0.60,-0.28,-0.16
5885.03,0.60,-0.27,-0.19
5885.04,0.60,-0.26,-0.20
5885.05,0.60,-0.25,-0.22
5885.06,0.60,-0.24,-0.24
5885.07,0.60,-0.22,-0.24
5885.08,0.60,-0.20,-0.24
5885.09,0.60,-0.17,-0.25
5885.10,0.59,-0.15,-0.25
5885.11,0.60,-0.12,-0.24
5885.12,0.60,-0.08,-0.22
5885.13,0.60,-0.05,-0.20
5885.14,0.60,-0.01,-0.18
5885.15,0.60,0.03,-0.16
5885.16,0.60,0.07,-0.13
5885.17,0.60,0.11,-0.10
5885.18,0.60,0.16,-0.07
5885.19,0.60,0.20,-0.04
5885.20,0.60,0.25,0.00
5885.21,0.60,0.28,0.03
5885.22,0.60,0.31,0.07
5885.23,0.60,0.34,0.10
5885.24,0.60,0.36,0.13
5885.25,0.60,0.37,0.17
5885.26,0.60,0.38,0.20
5885.27,0.60,0.38,0.23
5885.28,0.60,0.37,0.25
5885.29,0.60,0.35,0.27
5885.30,0.60,0.32,0.29
5885.31,0.60,0.30,0.31
5885.32,0.60,0.27,0.33
5885.33,0.60,0.25,0.33
5885.34,0.60,0.22,0.34
5885.35,0.60,0.19,0.33
5885.36,0.60,0.16,0.32
5885.37,0.60,0.13,0.31
5885.38,0.60,0.12,0.29
5885.39,0.60,0.07,0.26
5885.40,0.60,0.05,0.21
5885.41,0.60,0.02,0.15
5885.42,0.60,-0.05,0.12
5885.43,0.60,-0.07,0.09
5885.44,0.60,-0.13,0.08
5885.45,0.60,-0.17,0.04
5885.46,0.60,-0.21,0.00
5885.47,0.60,-0.22,-0.03
5885.48,0.60,-0.24,-0.07
5885.49,0.60,-0.25,-0.10
5885.50,0.60,-0.27,-0.12
5885.51,0.60,-0.28,-0.14
5885.52,0.60,-0.28,-0.16
5885.53,0.60,-0.27,-0.19
5885.54,0.60,-0.27,-0.20
5885.55,0.60,-0.25,-0.22
5885.56,0.60,-0.24,-0.23
5885.57,0.60,-0.22,-0.24
5885.58,0.60,-0.20,-0.25
5885.59,0.60,-0.17,-0.25
5885.60,0.60,-0.15,-0.25
5885.61,0.60,-0.12,-0.23
5885.62,0.60,-0.08,-0.22
5885.63,0.60,-0.05,-0.20
5885.64,0.60,-0.01,-0.18
5885.65,0.60,0.03,-0.16
5885.66,0.60,0.07,-0.13
5885.67,0.60,0.12,-0.10
5885.68,0.60,0.17,-0.07
5885.69,0.60,0.21,-0.04
5885.70,0.60,0.25,0.00
5885.71,0.60,0.28,0.03
5885.72,0.60,0.32,0.07
5885.73,0.60,0.34,0.10
5885.74,0.60,0.36,0.14
5885.75,0.60,0.37,0.17
5885.76,0.60,0.38,0.20
5885.77,0.60,0.38,0.23
5885.78,0.60,0.37,0.25
5885.79,0.60,0.35,0.27
5885.80,0.60,0.32,0.30
5885.81,0.60,0.30,0.31
5885.82,0.60,0.28,0.32
5885.83,0.60,0.25,0.34
5885.84,0.60,0.22,0.34
5885.85,0.60,0.19,0.34
5885.86,0.60,0.16,0.33
5885.87,0.60,0.13,0.31
5885.88,0.60,0.11,0.29
5885.89,0.60,0.07,0.26
5885.90,0.60,0.05,0.23
5885.91,0.60,0.01,0.15
5885.92,0.60,-0.03,0.11
5885.93,0.60,-0.10,0.09
5885.94,0.60,-0.14,0.08
5885.95,0.60,-0.17,0.04
5885.96,0.60,-0.21,0.00
5885.97,0.60,-0.22,-0.03
5885.98,0.60,-0.24,-0.06
5885.99,0.60,-0.26,-0.09
5886.00,0.60,-0.27,-0.12
5886.01,0.60,-0.28,-0.14
5886.02,0.60,-0.28,-0.16
5886.03,0.60,-0.28,-0.18
5886.04,0.60,-0.27,-0.20
5886.05,0.60,-0.25,-0.22
5886.06,0.60,-0.24,-0.23
5886.07,0.60,-0.22,-0.24
5886.08,0.60,-0.20,-0.25
5886.09,0.60,-0.18,-0.25
5886.10,0.60,-0.15,-0.25
5886.11,0.60,-0.12,-0.24
5886.12,0.60,-0.09,-0.22
5886.13,0.60,-0.05,-0.20
5886.14,0.60,-0.01,-0.19
5886.15,0.60,0.03,-0.16
5886.16,0.60,0.07,-0.13
5886.17,0.60,0.11,-0.10
5886.18,0.60,0.16,-0.07
5886.19,0.60,0.20,-0.04
5886.20,0.60,0.24,0.00
5886.21,0.60,0.28,0.03
5886.22,0.60,0.31,0.07
5886.23,0.60,0.34,0.10
5886.24,0.60,0.35,0.14
5886.25,0.60,0.37,0.17
5886.26,0.60,0.38,0.20
5886.27,0.60,0.38,0.23
5886.28,0.60,0.37,0.26
5886.29,0.60,0.36,0.28
5886.30,0.60,0.32,0.30
5886.31,0.60,0.30,0.31
5886.32,0.60,0.27,0.33
5886.33,0.60,0.25,0.33
5886.34,0.60,0.22,0.34
5886.35,0.60,0.19,0.34
5886.36,0.60,0.16,0.33
5886.37,0.60,0.12,0.31
5886.38,0.60,0.09,0.29
5886.39,0.60,0.08,0.27
5886.40,0.60,0.03,0.23
5886.41,0.60,0.02,0.17
5886.42,0.60,-0.03,0.11
5886.43,0.60,-0.08,0.09
5886.44,0.60,-0.14,0.08
5886.45,0.60,-0.18,0.04
5886.46,0.60,-0.21,0.00
5886.47,0.60,-0.23,-0.03
5886.48,0.60,-0.24,-0.06
5886.49,0.60,-0.26,-0.09
5886.50,0.60,-0.27,-0.11
5886.51,0.60,-0.28,-0.14
5886.52,0.60,-0.28,-0.16
5886.53,0.60,-0.28,-0.18
5886.54,0.60,-0.27,-0.20
5886.55,0.60,-0.26,-0.22
5886.56,0.60,-0.24,-0.23
5886.57,0.60,-0.22,-0.24
5886.58,0.60,-0.20,-0.24
5886.59,0.60,-0.18,-0.25
5886.60,0.60,-0.15,-0.24
5886.61,0.60,-0.12,-0.23
5886.62,0.60,-0.09,-0.22
5886.63,0.60,-0.05,-0.20
5886.64,0.60,-0.02,-0.18
5886.65,0.60,0.02,-0.16
5886.66,0.60,0.07,-0.13
5886.67,0.60,0.11,-0.10
5886.68,0.60,0.15,-0.07
5886.69,0.60,0.20,-0.04
5886.70,0.60,0.24,0.00
5886.71,0.60,0.28,0.03
5886.72,0.60,0.31,0.07
5886.73,0.60,0.33,0.10
5886.74,0.60,0.35,0.14
5886.75,0.60,0.36,0.17
5886.76,0.60,0.37,0.20
5886.77,0.60,0.37,0.23
5886.78,0.60,0.37,0.26
5886.79,0.60,0.34,0.28
5886.80,0.60,0.31,0.30
5886.81,0.60,0.29,0.31
5886.82,0.61,0.27,0.33
5886.83,0.60,0.24,0.33
5886.84,0.60,0.21,0.34
5886.85,0.60,0.18,0.34
5886.86,0.60,0.15,0.33
5886.87,0.60,0.12,0.31
5886.88,0.60,0.10,0.29
5886.89,0.60,0.07,0.27
5886.90,0.60,0.04,0.24
5886.91,0.60,-0.01,0.18
5886.92,0.60,-0.04,0.13
5886.93,0.60,-0.08,0.11
5886.94,0.60,-0.14,0.09
5886.95,0.60,-0.18,0.05
5886.96,0.60,-0.22,0.01
5886.97,0.60,-0.24,-0.03
5886.98,0.60,-0.24,-0.06
5886.99,0.60,-0.26,-0.08
5887.00,0.60,-0.28,-0.11
5887.01,0.60,-0.28,-0.13
5887.02,0.60,-0.28,-0.16
5887.03,0.60,-0.28,-0.18
5887.04,0.60,-0.27,-0.20
5887.05,0.60,-0.26,-0.22
5887.06,0.60,-0.24,-0.23
5887.07,0.60,-0.22,-0.24
5887.08,0.60,-0.20,-0.24
5887.09,0.60,-0.18,-0.25
5887.10,0.60,-0.15,-0.24
5887.11,0.60,-0.12,-0.24
5887.12,0.60,-0.09,-0.22
5887.13,0.60,-0.05,-0.21
5887.14,0.60,-0.01,-0.18
5887.15,0.60,0.03,-0.16
5887.16,0.60,0.07,-0.13
5887.17,0.60,0.11,-0.10
5887.18,0.60,0.16,-0.07
5887.19,0.60,0.20,-0.04
5887.20,0.60,0.25,0.00
5887.21,0.60,0.28,0.03
5887.22,0.60,0.31,0.07
5887.23,0.60,0.33,0.10
5887.24,0.60,0.35,0.14
5887.25,0.60,0.37,0.17
5887.26,0.60,0.37,0.20
5887.27,0.60,0.37,0.23
5887.28,0.60,0.37,0.26
5887.29,0.60,0.35,0.28
5887.30,0.60,0.31,0.30
5887.31,0.60,0.29,0.32
5887.32,0.60,0.27,0.33
5887.33,0.60,0.24,0.34
5887.34,0.60,0.21,0.34
5887.35,0.60,0.18,0.34
5887.36,0.60,0.15,0.33
5887.37,0.60,0.12,0.31
5887.38,0.60,0.10,0.29
5887.39,0.60,0.06,0.27
5887.40,0.60,0.05,0.24
5887.41,0.60,0.00,0.20
5887.42,0.60,-0.04,0.15
5887.43,0.60,-0.09,0.13
5887.44,0.60,-0.14,0.09
5887.45,0.60,-0.18,0.05
5887.46,0.60,-0.22,0.01
5887.47,0.60,-0.23,-0.02
5887.48,0.60,-0.25,-0.05
5887.49,0.60,-0.26,-0.08
5887.50,0.60,-0.28,-0.11
5887.51,0.60,-0.28,-0.13
5887.52,0.60,-0.29,-0.16
5887.53,0.60,-0.28,-0.18
5887.54,0.60,-0.27,-0.20
5887.55,0.60,-0.26,-0.22
5887.56,0.60,-0.24,-0.23
5887.57,0.60,-0.22,-0.24
5887.58,0.60,-0.20,-0.25
5887.59,0.60,-0.18,-0.25
5887.60,0.60,-0.15,-0.25
5887.61,0.60,-0.12,-0.24
5887.62,0.60,-0.09,-0.23
5887.63,0.60,-0.05,-0.21
5887.64,0.60,-0.02,-0.19
5887.65,0.60,0.02,-0.16
5887.66,0.60,0.07,-0.14
5887.67,0.60,0.11,-0.10
5887.68,0.60,0.16,-0.07
5887.69,0.60,0.20,-0.04
5887.70,0.60,0.24,0.00
5887.71,0.60,0.28,0.03
5887.72,0.60,0.31,0.07
5887.73,0.60,0.34,0.10
5887.74,0.60,0.36,0.14
5887.75,0.60,0.37,0.17
5887.76,0.60,0.38,0.20
5887.77,0.60,0.38,0.23
5887.78,0.60,0.37,0.26
5887.79,0.60,0.36,0.28
5887.80,0.60,0.31,0.30
5887.81,0.60,0.29,0.31
5887.82,0.60,0.27,0.32
5887.83,0.60,0.24,0.33
5887.84,0.60,0.22,0.34
5887.85,0.60,0.18,0.34
5887.86,0.60,0.15,0.33
5887.87,0.60,0.12,0.32
5887.88,0.60,0.09,0.30
5887.89,0.60,0.06,0.27
5887.90,0.60,0.05,0.24
5887.91,0.60,-0.01,0.19
5887.92,0.60,-0.04,0.16
5887.93,0.60,-0.10,0.13
5887.94,0.60,-0.14,0.09
5887.95,0.60,-0.18,0.05
5887.96,0.60,-0.21,0.01
5887.97,0.60,-0.24,-0.02
5887.98,0.60,-0.24,-0.05
5887.99,0.60,-0.26,-0.08
5888.00,0.60,-0.28,-0.11
5888.01,0.60,-0.28,-0.13
5888.02,0.60,-0.28,-0.16
5888.03,0.60,-0.28,-0.18
5888.04,0.60,-0.27,-0.20
5888.05,0.60,-0.26,-0.22
5888.06,0.60,-0.24,-0.23
5888.07,0.60,-0.22,-0.24
5888.08,0.60,-0.20,-0.25
5888.09,0.60,-0.18,-0.25
5888.10,0.60,-0.15,-0.25
5888.11,0.60,-0.12,-0.24
5888.12,0.60,-0.09,-0.23
5888.13,0.60,-0.06,-0.21
5888.14,0.60,-0.02,-0.19
5888.15,0.59,0.02,-0.16
5888.16,0.60,0.07,-0.14
5888.17,0.60,0.11,-0.10
5888.18,0.60,0.15,-0.07
5888.19,0.60,0.20,-0.04
5888.20,0.60,0.24,0.00
5888.21,0.60,0.28,0.03
5888.22,0.60,0.31,0.07
5888.23,0.60,0.33,0.10
5888.24,0.60,0.35,0.14
5888.25,0.60,0.37,0.17
5888.26,0.60,0.37,0.20
5888.27,0.60,0.37,0.23
5888.28,0.60,0.37,0.25
5888.29,0.60,0.35,0.28
5888.30,0.60,0.31,0.29
5888.31,0.60,0.29,0.31
5888.32,0.60,0.27,0.32
5888.33,0.60,0.24,0.33
5888.34,0.60,0.22,0.34
5888.35,0.60,0.19,0.34
5888.36,0.60,0.15,0.33
5888.37,0.60,0.12,0.31
5888.38,0.60,0.10,0.29
5888.39,0.60,0.07,0.27
5888.40,0.60,0.04,0.24
5888.41,0.60,0.00,0.18
5888.42,0.60,-0.03,0.14
5888.43,0.60,-0.07,0.13
5888.44,0.60,-0.14,0.09
5888.45,0.60,-0.18,0.05
5888.46,0.60,-0.21,0.01
5888.47,0.60,-0.23,-0.02
5888.48,0.60,-0.24,-0.06
5888.49,0.60,-0.26,-0.08
5888.50,0.60,-0.28,-0.11
5888.51,0.60,-0.28,-0.14
5888.52,0.60,-0.28,-0.16
5888.53,0.60,-0.28,-0.18
5888.54,0.60,-0.28,-0.20
5888.55,0.60,-0.26,-0.22
5888.56,0.60,-0.24,-0.23
5888.57,0.60,-0.23,-0.24
5888.58,0.60,-0.20,-0.25
5888.59,0.60,-0.18,-0.25
5888.60,0.60,-0.15,-0.24
5888.61,0.60,-0.12,-0.24
5888.62,0.60,-0.09,-0.23
5888.63,0.60,-0.05,-0.21
5888.64,0.60,-0.01,-0.19
5888.65,0.60,0.02,-0.16
5888.66,0.60,0.07,-0.13
5888.67,0.59,0.11,-0.11
5888.68,0.60,0.16,-0.07
5888.69,0.60,0.20,-0.04
5888.70,0.60,0.24,-0.01
5888.71,0.60,0.27,0.03
5888.72,0.60,0.31,0.06
5888.73,0.60,0.33,0.10
5888.74,0.60,0.35,0.13
5888.75,0.60,0.37,0.17
5888.76,0.60,0.37,0.20
5888.77,0.60,0.37,0.23
5888.78,0.60,0.37,0.25
5888.79,0.60,0.35,0.28
5888.80,0.60,0.31,0.30
5888.81,0.60,0.29,0.31
5888.82,0.60,0.26,0.32
5888.83,0.60,0.24,0.33
5888.84,0.60,0.21,0.34
5888.85,0.60,0.18,0.34
5888.86,0.60,0.15,0.33
5888.87,0.60,0.12,0.31